INFO 2026-05-26 22:18:25,803 autoreload 16304 9364 Watching for file changes with StatReloader
INFO 2026-05-26 22:33:20,402 autoreload 7292 21880 Watching for file changes with StatReloader
WARNING 2026-05-26 22:33:53,472 log 7292 22520 Not Found: /
WARNING 2026-05-26 22:33:53,472 log 7292 22520 "GET / HTTP/1.1" 404 3129
WARNING 2026-05-26 22:33:53,522 log 7292 22520 Not Found: /favicon.ico
WARNING 2026-05-26 22:33:53,523 log 7292 22520 "GET /favicon.ico HTTP/1.1" 404 3180
INFO 2026-05-26 22:34:41,574 log 7292 22520 "GET /admin/ HTTP/1.1" 302 0
INFO 2026-05-26 22:34:41,716 log 7292 22520 "GET /admin/login/?next=/admin/ HTTP/1.1" 200 4080
INFO 2026-05-26 22:34:41,915 log 7292 22520 "GET /static/admin/css/base.css HTTP/1.1" 200 23100
INFO 2026-05-26 22:34:41,931 log 7292 16968 "GET /static/admin/css/login.css HTTP/1.1" 200 951
INFO 2026-05-26 22:34:41,931 log 7292 19008 "GET /static/admin/css/responsive.css HTTP/1.1" 200 16273
INFO 2026-05-26 22:34:41,935 log 7292 6676 "GET /static/admin/css/nav_sidebar.css HTTP/1.1" 200 2810
INFO 2026-05-26 22:34:41,935 log 7292 8020 "GET /static/admin/css/dark_mode.css HTTP/1.1" 200 3538
INFO 2026-05-26 22:34:41,953 log 7292 2864 "GET /static/admin/js/theme.js HTTP/1.1" 200 1653
INFO 2026-05-26 22:34:41,962 log 7292 8020 "GET /static/admin/js/nav_sidebar.js HTTP/1.1" 200 3063
INFO 2026-05-26 22:34:58,949 log 7292 8020 "GET /admin/login/?next=/admin/ HTTP/1.1" 200 4080
WARNING 2026-05-26 22:35:19,634 log 7292 8020 Unauthorized: /api/users/
WARNING 2026-05-26 22:35:19,634 log 7292 8020 "GET /api/users/ HTTP/1.1" 401 138
WARNING 2026-05-26 22:35:31,425 log 7292 8020 Unauthorized: /api/users/
WARNING 2026-05-26 22:35:31,426 log 7292 8020 "GET /api/users/ HTTP/1.1" 401 138
WARNING 2026-05-26 22:35:44,055 log 7292 8020 Unauthorized: /api/projects/
WARNING 2026-05-26 22:35:44,055 log 7292 8020 "GET /api/projects/ HTTP/1.1" 401 138
WARNING 2026-05-26 22:35:59,307 log 7292 8020 Not Found: /api/conversations/
WARNING 2026-05-26 22:35:59,308 log 7292 8020 "GET /api/conversations/ HTTP/1.1" 404 5448
WARNING 2026-05-26 22:36:32,355 log 7292 8020 Not Found: /api/moderation
WARNING 2026-05-26 22:36:32,356 log 7292 8020 "GET /api/moderation HTTP/1.1" 404 3189
WARNING 2026-05-26 22:36:53,728 log 7292 8020 Not Found: /api/moderation/
WARNING 2026-05-26 22:36:53,729 log 7292 8020 "GET /api/moderation/ HTTP/1.1" 404 5400
WARNING 2026-05-26 22:39:25,644 log 7292 8020 Not Found: /api/
WARNING 2026-05-26 22:39:25,645 log 7292 8020 "GET /api/ HTTP/1.1" 404 3159
WARNING 2026-05-26 22:44:29,027 log 7292 21760 Bad Request: /api/users/auth/register/
WARNING 2026-05-26 22:44:29,040 log 7292 21760 "POST /api/users/auth/register/ HTTP/1.1" 400 87
ERROR 2026-05-26 22:47:30,719 log 7292 2816 Internal Server Error: /api/users/auth/register/
Traceback (most recent call last):
  File "C:\Ashish Jha\ashish-jha-github\ConversationAI\venv\Lib\site-packages\django\db\backends\utils.py", line 105, in _execute
    return self.cursor.execute(sql, params)
           ^^^^^^^^^^^^^^^^^^^^^^^^^^^^^^^^
  File "C:\Ashish Jha\ashish-jha-github\ConversationAI\venv\Lib\site-packages\django\db\backends\sqlite3\base.py", line 359, in execute
    return super().execute(query, params)
           ^^^^^^^^^^^^^^^^^^^^^^^^^^^^^^
sqlite3.IntegrityError: UNIQUE constraint failed: user_profile.user_id

The above exception was the direct cause of the following exception:

Traceback (most recent call last):
  File "C:\Ashish Jha\ashish-jha-github\ConversationAI\venv\Lib\site-packages\django\core\handlers\exception.py", line 55, in inner
    response = get_response(request)
               ^^^^^^^^^^^^^^^^^^^^^
  File "C:\Ashish Jha\ashish-jha-github\ConversationAI\venv\Lib\site-packages\django\core\handlers\base.py", line 198, in _get_response
    response = wrapped_callback(request, *callback_args, **callback_kwargs)
               ^^^^^^^^^^^^^^^^^^^^^^^^^^^^^^^^^^^^^^^^^^^^^^^^^^^^^^^^^^^^
  File "C:\Ashish Jha\ashish-jha-github\ConversationAI\venv\Lib\site-packages\django\views\decorators\csrf.py", line 65, in _view_wrapper
    return view_func(request, *args, **kwargs)
           ^^^^^^^^^^^^^^^^^^^^^^^^^^^^^^^^^^^
  File "C:\Ashish Jha\ashish-jha-github\ConversationAI\venv\Lib\site-packages\rest_framework\viewsets.py", line 125, in view
    return self.dispatch(request, *args, **kwargs)
           ^^^^^^^^^^^^^^^^^^^^^^^^^^^^^^^^^^^^^^^
  File "C:\Ashish Jha\ashish-jha-github\ConversationAI\venv\Lib\site-packages\rest_framework\views.py", line 509, in dispatch
    response = self.handle_exception(exc)
               ^^^^^^^^^^^^^^^^^^^^^^^^^^
  File "C:\Ashish Jha\ashish-jha-github\ConversationAI\venv\Lib\site-packages\rest_framework\views.py", line 469, in handle_exception
    self.raise_uncaught_exception(exc)
  File "C:\Ashish Jha\ashish-jha-github\ConversationAI\venv\Lib\site-packages\rest_framework\views.py", line 480, in raise_uncaught_exception
    raise exc
  File "C:\Ashish Jha\ashish-jha-github\ConversationAI\venv\Lib\site-packages\rest_framework\views.py", line 506, in dispatch
    response = handler(request, *args, **kwargs)
               ^^^^^^^^^^^^^^^^^^^^^^^^^^^^^^^^^
  File "C:\Ashish Jha\ashish-jha-github\ConversationAI\AIAssistance\apps\users\views.py", line 24, in register
    user = serializer.save()
           ^^^^^^^^^^^^^^^^^
  File "C:\Ashish Jha\ashish-jha-github\ConversationAI\venv\Lib\site-packages\rest_framework\serializers.py", line 212, in save
    self.instance = self.create(validated_data)
                    ^^^^^^^^^^^^^^^^^^^^^^^^^^^
  File "C:\Ashish Jha\ashish-jha-github\ConversationAI\AIAssistance\apps\users\serializers.py", line 43, in create
    UserProfile.objects.create(user=user)
  File "C:\Ashish Jha\ashish-jha-github\ConversationAI\venv\Lib\site-packages\django\db\models\manager.py", line 87, in manager_method
    return getattr(self.get_queryset(), name)(*args, **kwargs)
           ^^^^^^^^^^^^^^^^^^^^^^^^^^^^^^^^^^^^^^^^^^^^^^^^^^^
  File "C:\Ashish Jha\ashish-jha-github\ConversationAI\venv\Lib\site-packages\django\db\models\query.py", line 669, in create
    obj.save(force_insert=True, using=self.db)
  File "C:\Ashish Jha\ashish-jha-github\ConversationAI\venv\Lib\site-packages\django\db\models\base.py", line 874, in save
    self.save_base(
  File "C:\Ashish Jha\ashish-jha-github\ConversationAI\venv\Lib\site-packages\django\db\models\base.py", line 966, in save_base
    updated = self._save_table(
              ^^^^^^^^^^^^^^^^^
  File "C:\Ashish Jha\ashish-jha-github\ConversationAI\venv\Lib\site-packages\django\db\models\base.py", line 1169, in _save_table
    results = self._do_insert(
              ^^^^^^^^^^^^^^^^
  File "C:\Ashish Jha\ashish-jha-github\ConversationAI\venv\Lib\site-packages\django\db\models\base.py", line 1220, in _do_insert
    return manager._insert(
           ^^^^^^^^^^^^^^^^
  File "C:\Ashish Jha\ashish-jha-github\ConversationAI\venv\Lib\site-packages\django\db\models\manager.py", line 87, in manager_method
    return getattr(self.get_queryset(), name)(*args, **kwargs)
           ^^^^^^^^^^^^^^^^^^^^^^^^^^^^^^^^^^^^^^^^^^^^^^^^^^^
  File "C:\Ashish Jha\ashish-jha-github\ConversationAI\venv\Lib\site-packages\django\db\models\query.py", line 1918, in _insert
    return query.get_compiler(using=using).execute_sql(returning_fields)
           ^^^^^^^^^^^^^^^^^^^^^^^^^^^^^^^^^^^^^^^^^^^^^^^^^^^^^^^^^^^^^
  File "C:\Ashish Jha\ashish-jha-github\ConversationAI\venv\Lib\site-packages\django\db\models\sql\compiler.py", line 1925, in execute_sql
    cursor.execute(sql, params)
  File "C:\Ashish Jha\ashish-jha-github\ConversationAI\venv\Lib\site-packages\django\db\backends\utils.py", line 122, in execute
    return super().execute(sql, params)
           ^^^^^^^^^^^^^^^^^^^^^^^^^^^^
  File "C:\Ashish Jha\ashish-jha-github\ConversationAI\venv\Lib\site-packages\django\db\backends\utils.py", line 79, in execute
    return self._execute_with_wrappers(
           ^^^^^^^^^^^^^^^^^^^^^^^^^^^^
  File "C:\Ashish Jha\ashish-jha-github\ConversationAI\venv\Lib\site-packages\django\db\backends\utils.py", line 92, in _execute_with_wrappers
    return executor(sql, params, many, context)
           ^^^^^^^^^^^^^^^^^^^^^^^^^^^^^^^^^^^^
  File "C:\Ashish Jha\ashish-jha-github\ConversationAI\venv\Lib\site-packages\django\db\backends\utils.py", line 100, in _execute
    with self.db.wrap_database_errors:
  File "C:\Ashish Jha\ashish-jha-github\ConversationAI\venv\Lib\site-packages\django\db\utils.py", line 94, in __exit__
    raise dj_exc_value.with_traceback(traceback) from exc_value
  File "C:\Ashish Jha\ashish-jha-github\ConversationAI\venv\Lib\site-packages\django\db\backends\utils.py", line 105, in _execute
    return self.cursor.execute(sql, params)
           ^^^^^^^^^^^^^^^^^^^^^^^^^^^^^^^^
  File "C:\Ashish Jha\ashish-jha-github\ConversationAI\venv\Lib\site-packages\django\db\backends\sqlite3\base.py", line 359, in execute
    return super().execute(query, params)
           ^^^^^^^^^^^^^^^^^^^^^^^^^^^^^^
django.db.utils.IntegrityError: UNIQUE constraint failed: user_profile.user_id
ERROR 2026-05-26 22:47:30,721 log 7292 2816 "POST /api/users/auth/register/ HTTP/1.1" 500 204072
ERROR 2026-05-26 22:49:01,709 log 7292 5320 Internal Server Error: /api/users/auth/register/
Traceback (most recent call last):
  File "C:\Ashish Jha\ashish-jha-github\ConversationAI\venv\Lib\site-packages\django\db\backends\utils.py", line 105, in _execute
    return self.cursor.execute(sql, params)
           ^^^^^^^^^^^^^^^^^^^^^^^^^^^^^^^^
  File "C:\Ashish Jha\ashish-jha-github\ConversationAI\venv\Lib\site-packages\django\db\backends\sqlite3\base.py", line 359, in execute
    return super().execute(query, params)
           ^^^^^^^^^^^^^^^^^^^^^^^^^^^^^^
sqlite3.IntegrityError: UNIQUE constraint failed: users_user.username

The above exception was the direct cause of the following exception:

Traceback (most recent call last):
  File "C:\Ashish Jha\ashish-jha-github\ConversationAI\venv\Lib\site-packages\django\core\handlers\exception.py", line 55, in inner
    response = get_response(request)
               ^^^^^^^^^^^^^^^^^^^^^
  File "C:\Ashish Jha\ashish-jha-github\ConversationAI\venv\Lib\site-packages\django\core\handlers\base.py", line 198, in _get_response
    response = wrapped_callback(request, *callback_args, **callback_kwargs)
               ^^^^^^^^^^^^^^^^^^^^^^^^^^^^^^^^^^^^^^^^^^^^^^^^^^^^^^^^^^^^
  File "C:\Ashish Jha\ashish-jha-github\ConversationAI\venv\Lib\site-packages\django\views\decorators\csrf.py", line 65, in _view_wrapper
    return view_func(request, *args, **kwargs)
           ^^^^^^^^^^^^^^^^^^^^^^^^^^^^^^^^^^^
  File "C:\Ashish Jha\ashish-jha-github\ConversationAI\venv\Lib\site-packages\rest_framework\viewsets.py", line 125, in view
    return self.dispatch(request, *args, **kwargs)
           ^^^^^^^^^^^^^^^^^^^^^^^^^^^^^^^^^^^^^^^
  File "C:\Ashish Jha\ashish-jha-github\ConversationAI\venv\Lib\site-packages\rest_framework\views.py", line 509, in dispatch
    response = self.handle_exception(exc)
               ^^^^^^^^^^^^^^^^^^^^^^^^^^
  File "C:\Ashish Jha\ashish-jha-github\ConversationAI\venv\Lib\site-packages\rest_framework\views.py", line 469, in handle_exception
    self.raise_uncaught_exception(exc)
  File "C:\Ashish Jha\ashish-jha-github\ConversationAI\venv\Lib\site-packages\rest_framework\views.py", line 480, in raise_uncaught_exception
    raise exc
  File "C:\Ashish Jha\ashish-jha-github\ConversationAI\venv\Lib\site-packages\rest_framework\views.py", line 506, in dispatch
    response = handler(request, *args, **kwargs)
               ^^^^^^^^^^^^^^^^^^^^^^^^^^^^^^^^^
  File "C:\Ashish Jha\ashish-jha-github\ConversationAI\AIAssistance\apps\users\views.py", line 24, in register
    user = serializer.save()
           ^^^^^^^^^^^^^^^^^
  File "C:\Ashish Jha\ashish-jha-github\ConversationAI\venv\Lib\site-packages\rest_framework\serializers.py", line 212, in save
    self.instance = self.create(validated_data)
                    ^^^^^^^^^^^^^^^^^^^^^^^^^^^
  File "C:\Ashish Jha\ashish-jha-github\ConversationAI\AIAssistance\apps\users\serializers.py", line 31, in create
    user = User.objects.create_user(
           ^^^^^^^^^^^^^^^^^^^^^^^^^
  File "C:\Ashish Jha\ashish-jha-github\ConversationAI\venv\Lib\site-packages\django\contrib\auth\models.py", line 175, in create_user
    return self._create_user(username, email, password, **extra_fields)
           ^^^^^^^^^^^^^^^^^^^^^^^^^^^^^^^^^^^^^^^^^^^^^^^^^^^^^^^^^^^^
  File "C:\Ashish Jha\ashish-jha-github\ConversationAI\venv\Lib\site-packages\django\contrib\auth\models.py", line 163, in _create_user
    user.save(using=self._db)
  File "C:\Ashish Jha\ashish-jha-github\ConversationAI\venv\Lib\site-packages\django\contrib\auth\base_user.py", line 62, in save
    super().save(**kwargs)
  File "C:\Ashish Jha\ashish-jha-github\ConversationAI\venv\Lib\site-packages\django\db\models\base.py", line 874, in save
    self.save_base(
  File "C:\Ashish Jha\ashish-jha-github\ConversationAI\venv\Lib\site-packages\django\db\models\base.py", line 966, in save_base
    updated = self._save_table(
              ^^^^^^^^^^^^^^^^^
  File "C:\Ashish Jha\ashish-jha-github\ConversationAI\venv\Lib\site-packages\django\db\models\base.py", line 1169, in _save_table
    results = self._do_insert(
              ^^^^^^^^^^^^^^^^
  File "C:\Ashish Jha\ashish-jha-github\ConversationAI\venv\Lib\site-packages\django\db\models\base.py", line 1220, in _do_insert
    return manager._insert(
           ^^^^^^^^^^^^^^^^
  File "C:\Ashish Jha\ashish-jha-github\ConversationAI\venv\Lib\site-packages\django\db\models\manager.py", line 87, in manager_method
    return getattr(self.get_queryset(), name)(*args, **kwargs)
           ^^^^^^^^^^^^^^^^^^^^^^^^^^^^^^^^^^^^^^^^^^^^^^^^^^^
  File "C:\Ashish Jha\ashish-jha-github\ConversationAI\venv\Lib\site-packages\django\db\models\query.py", line 1918, in _insert
    return query.get_compiler(using=using).execute_sql(returning_fields)
           ^^^^^^^^^^^^^^^^^^^^^^^^^^^^^^^^^^^^^^^^^^^^^^^^^^^^^^^^^^^^^
  File "C:\Ashish Jha\ashish-jha-github\ConversationAI\venv\Lib\site-packages\django\db\models\sql\compiler.py", line 1925, in execute_sql
    cursor.execute(sql, params)
  File "C:\Ashish Jha\ashish-jha-github\ConversationAI\venv\Lib\site-packages\django\db\backends\utils.py", line 122, in execute
    return super().execute(sql, params)
           ^^^^^^^^^^^^^^^^^^^^^^^^^^^^
  File "C:\Ashish Jha\ashish-jha-github\ConversationAI\venv\Lib\site-packages\django\db\backends\utils.py", line 79, in execute
    return self._execute_with_wrappers(
           ^^^^^^^^^^^^^^^^^^^^^^^^^^^^
  File "C:\Ashish Jha\ashish-jha-github\ConversationAI\venv\Lib\site-packages\django\db\backends\utils.py", line 92, in _execute_with_wrappers
    return executor(sql, params, many, context)
           ^^^^^^^^^^^^^^^^^^^^^^^^^^^^^^^^^^^^
  File "C:\Ashish Jha\ashish-jha-github\ConversationAI\venv\Lib\site-packages\django\db\backends\utils.py", line 100, in _execute
    with self.db.wrap_database_errors:
  File "C:\Ashish Jha\ashish-jha-github\ConversationAI\venv\Lib\site-packages\django\db\utils.py", line 94, in __exit__
    raise dj_exc_value.with_traceback(traceback) from exc_value
  File "C:\Ashish Jha\ashish-jha-github\ConversationAI\venv\Lib\site-packages\django\db\backends\utils.py", line 105, in _execute
    return self.cursor.execute(sql, params)
           ^^^^^^^^^^^^^^^^^^^^^^^^^^^^^^^^
  File "C:\Ashish Jha\ashish-jha-github\ConversationAI\venv\Lib\site-packages\django\db\backends\sqlite3\base.py", line 359, in execute
    return super().execute(query, params)
           ^^^^^^^^^^^^^^^^^^^^^^^^^^^^^^
django.db.utils.IntegrityError: UNIQUE constraint failed: users_user.username
ERROR 2026-05-26 22:49:01,709 log 7292 5320 "POST /api/users/auth/register/ HTTP/1.1" 500 215013
ERROR 2026-05-26 22:50:44,614 log 7292 22564 Internal Server Error: /api/users/auth/register/
Traceback (most recent call last):
  File "C:\Ashish Jha\ashish-jha-github\ConversationAI\venv\Lib\site-packages\django\db\backends\utils.py", line 105, in _execute
    return self.cursor.execute(sql, params)
           ^^^^^^^^^^^^^^^^^^^^^^^^^^^^^^^^
  File "C:\Ashish Jha\ashish-jha-github\ConversationAI\venv\Lib\site-packages\django\db\backends\sqlite3\base.py", line 359, in execute
    return super().execute(query, params)
           ^^^^^^^^^^^^^^^^^^^^^^^^^^^^^^
sqlite3.IntegrityError: UNIQUE constraint failed: user_profile.user_id

The above exception was the direct cause of the following exception:

Traceback (most recent call last):
  File "C:\Ashish Jha\ashish-jha-github\ConversationAI\venv\Lib\site-packages\django\core\handlers\exception.py", line 55, in inner
    response = get_response(request)
               ^^^^^^^^^^^^^^^^^^^^^
  File "C:\Ashish Jha\ashish-jha-github\ConversationAI\venv\Lib\site-packages\django\core\handlers\base.py", line 198, in _get_response
    response = wrapped_callback(request, *callback_args, **callback_kwargs)
               ^^^^^^^^^^^^^^^^^^^^^^^^^^^^^^^^^^^^^^^^^^^^^^^^^^^^^^^^^^^^
  File "C:\Ashish Jha\ashish-jha-github\ConversationAI\venv\Lib\site-packages\django\views\decorators\csrf.py", line 65, in _view_wrapper
    return view_func(request, *args, **kwargs)
           ^^^^^^^^^^^^^^^^^^^^^^^^^^^^^^^^^^^
  File "C:\Ashish Jha\ashish-jha-github\ConversationAI\venv\Lib\site-packages\rest_framework\viewsets.py", line 125, in view
    return self.dispatch(request, *args, **kwargs)
           ^^^^^^^^^^^^^^^^^^^^^^^^^^^^^^^^^^^^^^^
  File "C:\Ashish Jha\ashish-jha-github\ConversationAI\venv\Lib\site-packages\rest_framework\views.py", line 509, in dispatch
    response = self.handle_exception(exc)
               ^^^^^^^^^^^^^^^^^^^^^^^^^^
  File "C:\Ashish Jha\ashish-jha-github\ConversationAI\venv\Lib\site-packages\rest_framework\views.py", line 469, in handle_exception
    self.raise_uncaught_exception(exc)
  File "C:\Ashish Jha\ashish-jha-github\ConversationAI\venv\Lib\site-packages\rest_framework\views.py", line 480, in raise_uncaught_exception
    raise exc
  File "C:\Ashish Jha\ashish-jha-github\ConversationAI\venv\Lib\site-packages\rest_framework\views.py", line 506, in dispatch
    response = handler(request, *args, **kwargs)
               ^^^^^^^^^^^^^^^^^^^^^^^^^^^^^^^^^
  File "C:\Ashish Jha\ashish-jha-github\ConversationAI\AIAssistance\apps\users\views.py", line 24, in register
    user = serializer.save()
           ^^^^^^^^^^^^^^^^^
  File "C:\Ashish Jha\ashish-jha-github\ConversationAI\venv\Lib\site-packages\rest_framework\serializers.py", line 212, in save
    self.instance = self.create(validated_data)
                    ^^^^^^^^^^^^^^^^^^^^^^^^^^^
  File "C:\Ashish Jha\ashish-jha-github\ConversationAI\AIAssistance\apps\users\serializers.py", line 43, in create
    UserProfile.objects.create(user=user)
  File "C:\Ashish Jha\ashish-jha-github\ConversationAI\venv\Lib\site-packages\django\db\models\manager.py", line 87, in manager_method
    return getattr(self.get_queryset(), name)(*args, **kwargs)
           ^^^^^^^^^^^^^^^^^^^^^^^^^^^^^^^^^^^^^^^^^^^^^^^^^^^
  File "C:\Ashish Jha\ashish-jha-github\ConversationAI\venv\Lib\site-packages\django\db\models\query.py", line 669, in create
    obj.save(force_insert=True, using=self.db)
  File "C:\Ashish Jha\ashish-jha-github\ConversationAI\venv\Lib\site-packages\django\db\models\base.py", line 874, in save
    self.save_base(
  File "C:\Ashish Jha\ashish-jha-github\ConversationAI\venv\Lib\site-packages\django\db\models\base.py", line 966, in save_base
    updated = self._save_table(
              ^^^^^^^^^^^^^^^^^
  File "C:\Ashish Jha\ashish-jha-github\ConversationAI\venv\Lib\site-packages\django\db\models\base.py", line 1169, in _save_table
    results = self._do_insert(
              ^^^^^^^^^^^^^^^^
  File "C:\Ashish Jha\ashish-jha-github\ConversationAI\venv\Lib\site-packages\django\db\models\base.py", line 1220, in _do_insert
    return manager._insert(
           ^^^^^^^^^^^^^^^^
  File "C:\Ashish Jha\ashish-jha-github\ConversationAI\venv\Lib\site-packages\django\db\models\manager.py", line 87, in manager_method
    return getattr(self.get_queryset(), name)(*args, **kwargs)
           ^^^^^^^^^^^^^^^^^^^^^^^^^^^^^^^^^^^^^^^^^^^^^^^^^^^
  File "C:\Ashish Jha\ashish-jha-github\ConversationAI\venv\Lib\site-packages\django\db\models\query.py", line 1918, in _insert
    return query.get_compiler(using=using).execute_sql(returning_fields)
           ^^^^^^^^^^^^^^^^^^^^^^^^^^^^^^^^^^^^^^^^^^^^^^^^^^^^^^^^^^^^^
  File "C:\Ashish Jha\ashish-jha-github\ConversationAI\venv\Lib\site-packages\django\db\models\sql\compiler.py", line 1925, in execute_sql
    cursor.execute(sql, params)
  File "C:\Ashish Jha\ashish-jha-github\ConversationAI\venv\Lib\site-packages\django\db\backends\utils.py", line 122, in execute
    return super().execute(sql, params)
           ^^^^^^^^^^^^^^^^^^^^^^^^^^^^
  File "C:\Ashish Jha\ashish-jha-github\ConversationAI\venv\Lib\site-packages\django\db\backends\utils.py", line 79, in execute
    return self._execute_with_wrappers(
           ^^^^^^^^^^^^^^^^^^^^^^^^^^^^
  File "C:\Ashish Jha\ashish-jha-github\ConversationAI\venv\Lib\site-packages\django\db\backends\utils.py", line 92, in _execute_with_wrappers
    return executor(sql, params, many, context)
           ^^^^^^^^^^^^^^^^^^^^^^^^^^^^^^^^^^^^
  File "C:\Ashish Jha\ashish-jha-github\ConversationAI\venv\Lib\site-packages\django\db\backends\utils.py", line 100, in _execute
    with self.db.wrap_database_errors:
  File "C:\Ashish Jha\ashish-jha-github\ConversationAI\venv\Lib\site-packages\django\db\utils.py", line 94, in __exit__
    raise dj_exc_value.with_traceback(traceback) from exc_value
  File "C:\Ashish Jha\ashish-jha-github\ConversationAI\venv\Lib\site-packages\django\db\backends\utils.py", line 105, in _execute
    return self.cursor.execute(sql, params)
           ^^^^^^^^^^^^^^^^^^^^^^^^^^^^^^^^
  File "C:\Ashish Jha\ashish-jha-github\ConversationAI\venv\Lib\site-packages\django\db\backends\sqlite3\base.py", line 359, in execute
    return super().execute(query, params)
           ^^^^^^^^^^^^^^^^^^^^^^^^^^^^^^
django.db.utils.IntegrityError: UNIQUE constraint failed: user_profile.user_id
ERROR 2026-05-26 22:50:44,614 log 7292 22564 "POST /api/users/auth/register/ HTTP/1.1" 500 204176
INFO 2026-05-26 22:53:19,956 log 7292 2716 "POST /api/users/auth/login/ HTTP/1.1" 200 745
INFO 2026-05-26 22:53:55,389 log 7292 2716 "POST /api/users/auth/login/ HTTP/1.1" 200 745
INFO 2026-05-26 22:54:31,630 log 7292 2716 "POST /api/users/auth/login/ HTTP/1.1" 200 745
ERROR 2026-05-26 22:54:53,666 log 7292 2716 Internal Server Error: /api/users/auth/register/
Traceback (most recent call last):
  File "C:\Ashish Jha\ashish-jha-github\ConversationAI\venv\Lib\site-packages\django\db\backends\utils.py", line 105, in _execute
    return self.cursor.execute(sql, params)
           ^^^^^^^^^^^^^^^^^^^^^^^^^^^^^^^^
  File "C:\Ashish Jha\ashish-jha-github\ConversationAI\venv\Lib\site-packages\django\db\backends\sqlite3\base.py", line 359, in execute
    return super().execute(query, params)
           ^^^^^^^^^^^^^^^^^^^^^^^^^^^^^^
sqlite3.IntegrityError: UNIQUE constraint failed: users_user.username

The above exception was the direct cause of the following exception:

Traceback (most recent call last):
  File "C:\Ashish Jha\ashish-jha-github\ConversationAI\venv\Lib\site-packages\django\core\handlers\exception.py", line 55, in inner
    response = get_response(request)
               ^^^^^^^^^^^^^^^^^^^^^
  File "C:\Ashish Jha\ashish-jha-github\ConversationAI\venv\Lib\site-packages\django\core\handlers\base.py", line 198, in _get_response
    response = wrapped_callback(request, *callback_args, **callback_kwargs)
               ^^^^^^^^^^^^^^^^^^^^^^^^^^^^^^^^^^^^^^^^^^^^^^^^^^^^^^^^^^^^
  File "C:\Ashish Jha\ashish-jha-github\ConversationAI\venv\Lib\site-packages\django\views\decorators\csrf.py", line 65, in _view_wrapper
    return view_func(request, *args, **kwargs)
           ^^^^^^^^^^^^^^^^^^^^^^^^^^^^^^^^^^^
  File "C:\Ashish Jha\ashish-jha-github\ConversationAI\venv\Lib\site-packages\rest_framework\viewsets.py", line 125, in view
    return self.dispatch(request, *args, **kwargs)
           ^^^^^^^^^^^^^^^^^^^^^^^^^^^^^^^^^^^^^^^
  File "C:\Ashish Jha\ashish-jha-github\ConversationAI\venv\Lib\site-packages\rest_framework\views.py", line 509, in dispatch
    response = self.handle_exception(exc)
               ^^^^^^^^^^^^^^^^^^^^^^^^^^
  File "C:\Ashish Jha\ashish-jha-github\ConversationAI\venv\Lib\site-packages\rest_framework\views.py", line 469, in handle_exception
    self.raise_uncaught_exception(exc)
  File "C:\Ashish Jha\ashish-jha-github\ConversationAI\venv\Lib\site-packages\rest_framework\views.py", line 480, in raise_uncaught_exception
    raise exc
  File "C:\Ashish Jha\ashish-jha-github\ConversationAI\venv\Lib\site-packages\rest_framework\views.py", line 506, in dispatch
    response = handler(request, *args, **kwargs)
               ^^^^^^^^^^^^^^^^^^^^^^^^^^^^^^^^^
  File "C:\Ashish Jha\ashish-jha-github\ConversationAI\AIAssistance\apps\users\views.py", line 24, in register
    user = serializer.save()
           ^^^^^^^^^^^^^^^^^
  File "C:\Ashish Jha\ashish-jha-github\ConversationAI\venv\Lib\site-packages\rest_framework\serializers.py", line 212, in save
    self.instance = self.create(validated_data)
                    ^^^^^^^^^^^^^^^^^^^^^^^^^^^
  File "C:\Ashish Jha\ashish-jha-github\ConversationAI\AIAssistance\apps\users\serializers.py", line 31, in create
    user = User.objects.create_user(
           ^^^^^^^^^^^^^^^^^^^^^^^^^
  File "C:\Ashish Jha\ashish-jha-github\ConversationAI\venv\Lib\site-packages\django\contrib\auth\models.py", line 175, in create_user
    return self._create_user(username, email, password, **extra_fields)
           ^^^^^^^^^^^^^^^^^^^^^^^^^^^^^^^^^^^^^^^^^^^^^^^^^^^^^^^^^^^^
  File "C:\Ashish Jha\ashish-jha-github\ConversationAI\venv\Lib\site-packages\django\contrib\auth\models.py", line 163, in _create_user
    user.save(using=self._db)
  File "C:\Ashish Jha\ashish-jha-github\ConversationAI\venv\Lib\site-packages\django\contrib\auth\base_user.py", line 62, in save
    super().save(**kwargs)
  File "C:\Ashish Jha\ashish-jha-github\ConversationAI\venv\Lib\site-packages\django\db\models\base.py", line 874, in save
    self.save_base(
  File "C:\Ashish Jha\ashish-jha-github\ConversationAI\venv\Lib\site-packages\django\db\models\base.py", line 966, in save_base
    updated = self._save_table(
              ^^^^^^^^^^^^^^^^^
  File "C:\Ashish Jha\ashish-jha-github\ConversationAI\venv\Lib\site-packages\django\db\models\base.py", line 1169, in _save_table
    results = self._do_insert(
              ^^^^^^^^^^^^^^^^
  File "C:\Ashish Jha\ashish-jha-github\ConversationAI\venv\Lib\site-packages\django\db\models\base.py", line 1220, in _do_insert
    return manager._insert(
           ^^^^^^^^^^^^^^^^
  File "C:\Ashish Jha\ashish-jha-github\ConversationAI\venv\Lib\site-packages\django\db\models\manager.py", line 87, in manager_method
    return getattr(self.get_queryset(), name)(*args, **kwargs)
           ^^^^^^^^^^^^^^^^^^^^^^^^^^^^^^^^^^^^^^^^^^^^^^^^^^^
  File "C:\Ashish Jha\ashish-jha-github\ConversationAI\venv\Lib\site-packages\django\db\models\query.py", line 1918, in _insert
    return query.get_compiler(using=using).execute_sql(returning_fields)
           ^^^^^^^^^^^^^^^^^^^^^^^^^^^^^^^^^^^^^^^^^^^^^^^^^^^^^^^^^^^^^
  File "C:\Ashish Jha\ashish-jha-github\ConversationAI\venv\Lib\site-packages\django\db\models\sql\compiler.py", line 1925, in execute_sql
    cursor.execute(sql, params)
  File "C:\Ashish Jha\ashish-jha-github\ConversationAI\venv\Lib\site-packages\django\db\backends\utils.py", line 122, in execute
    return super().execute(sql, params)
           ^^^^^^^^^^^^^^^^^^^^^^^^^^^^
  File "C:\Ashish Jha\ashish-jha-github\ConversationAI\venv\Lib\site-packages\django\db\backends\utils.py", line 79, in execute
    return self._execute_with_wrappers(
           ^^^^^^^^^^^^^^^^^^^^^^^^^^^^
  File "C:\Ashish Jha\ashish-jha-github\ConversationAI\venv\Lib\site-packages\django\db\backends\utils.py", line 92, in _execute_with_wrappers
    return executor(sql, params, many, context)
           ^^^^^^^^^^^^^^^^^^^^^^^^^^^^^^^^^^^^
  File "C:\Ashish Jha\ashish-jha-github\ConversationAI\venv\Lib\site-packages\django\db\backends\utils.py", line 100, in _execute
    with self.db.wrap_database_errors:
  File "C:\Ashish Jha\ashish-jha-github\ConversationAI\venv\Lib\site-packages\django\db\utils.py", line 94, in __exit__
    raise dj_exc_value.with_traceback(traceback) from exc_value
  File "C:\Ashish Jha\ashish-jha-github\ConversationAI\venv\Lib\site-packages\django\db\backends\utils.py", line 105, in _execute
    return self.cursor.execute(sql, params)
           ^^^^^^^^^^^^^^^^^^^^^^^^^^^^^^^^
  File "C:\Ashish Jha\ashish-jha-github\ConversationAI\venv\Lib\site-packages\django\db\backends\sqlite3\base.py", line 359, in execute
    return super().execute(query, params)
           ^^^^^^^^^^^^^^^^^^^^^^^^^^^^^^
django.db.utils.IntegrityError: UNIQUE constraint failed: users_user.username
ERROR 2026-05-26 22:54:53,666 log 7292 2716 "POST /api/users/auth/register/ HTTP/1.1" 500 215063
ERROR 2026-05-26 22:55:13,546 log 7292 2716 Internal Server Error: /api/users/auth/register/
Traceback (most recent call last):
  File "C:\Ashish Jha\ashish-jha-github\ConversationAI\venv\Lib\site-packages\django\db\backends\utils.py", line 105, in _execute
    return self.cursor.execute(sql, params)
           ^^^^^^^^^^^^^^^^^^^^^^^^^^^^^^^^
  File "C:\Ashish Jha\ashish-jha-github\ConversationAI\venv\Lib\site-packages\django\db\backends\sqlite3\base.py", line 359, in execute
    return super().execute(query, params)
           ^^^^^^^^^^^^^^^^^^^^^^^^^^^^^^
sqlite3.IntegrityError: UNIQUE constraint failed: user_profile.user_id

The above exception was the direct cause of the following exception:

Traceback (most recent call last):
  File "C:\Ashish Jha\ashish-jha-github\ConversationAI\venv\Lib\site-packages\django\core\handlers\exception.py", line 55, in inner
    response = get_response(request)
               ^^^^^^^^^^^^^^^^^^^^^
  File "C:\Ashish Jha\ashish-jha-github\ConversationAI\venv\Lib\site-packages\django\core\handlers\base.py", line 198, in _get_response
    response = wrapped_callback(request, *callback_args, **callback_kwargs)
               ^^^^^^^^^^^^^^^^^^^^^^^^^^^^^^^^^^^^^^^^^^^^^^^^^^^^^^^^^^^^
  File "C:\Ashish Jha\ashish-jha-github\ConversationAI\venv\Lib\site-packages\django\views\decorators\csrf.py", line 65, in _view_wrapper
    return view_func(request, *args, **kwargs)
           ^^^^^^^^^^^^^^^^^^^^^^^^^^^^^^^^^^^
  File "C:\Ashish Jha\ashish-jha-github\ConversationAI\venv\Lib\site-packages\rest_framework\viewsets.py", line 125, in view
    return self.dispatch(request, *args, **kwargs)
           ^^^^^^^^^^^^^^^^^^^^^^^^^^^^^^^^^^^^^^^
  File "C:\Ashish Jha\ashish-jha-github\ConversationAI\venv\Lib\site-packages\rest_framework\views.py", line 509, in dispatch
    response = self.handle_exception(exc)
               ^^^^^^^^^^^^^^^^^^^^^^^^^^
  File "C:\Ashish Jha\ashish-jha-github\ConversationAI\venv\Lib\site-packages\rest_framework\views.py", line 469, in handle_exception
    self.raise_uncaught_exception(exc)
  File "C:\Ashish Jha\ashish-jha-github\ConversationAI\venv\Lib\site-packages\rest_framework\views.py", line 480, in raise_uncaught_exception
    raise exc
  File "C:\Ashish Jha\ashish-jha-github\ConversationAI\venv\Lib\site-packages\rest_framework\views.py", line 506, in dispatch
    response = handler(request, *args, **kwargs)
               ^^^^^^^^^^^^^^^^^^^^^^^^^^^^^^^^^
  File "C:\Ashish Jha\ashish-jha-github\ConversationAI\AIAssistance\apps\users\views.py", line 24, in register
    user = serializer.save()
           ^^^^^^^^^^^^^^^^^
  File "C:\Ashish Jha\ashish-jha-github\ConversationAI\venv\Lib\site-packages\rest_framework\serializers.py", line 212, in save
    self.instance = self.create(validated_data)
                    ^^^^^^^^^^^^^^^^^^^^^^^^^^^
  File "C:\Ashish Jha\ashish-jha-github\ConversationAI\AIAssistance\apps\users\serializers.py", line 43, in create
    UserProfile.objects.create(user=user)
  File "C:\Ashish Jha\ashish-jha-github\ConversationAI\venv\Lib\site-packages\django\db\models\manager.py", line 87, in manager_method
    return getattr(self.get_queryset(), name)(*args, **kwargs)
           ^^^^^^^^^^^^^^^^^^^^^^^^^^^^^^^^^^^^^^^^^^^^^^^^^^^
  File "C:\Ashish Jha\ashish-jha-github\ConversationAI\venv\Lib\site-packages\django\db\models\query.py", line 669, in create
    obj.save(force_insert=True, using=self.db)
  File "C:\Ashish Jha\ashish-jha-github\ConversationAI\venv\Lib\site-packages\django\db\models\base.py", line 874, in save
    self.save_base(
  File "C:\Ashish Jha\ashish-jha-github\ConversationAI\venv\Lib\site-packages\django\db\models\base.py", line 966, in save_base
    updated = self._save_table(
              ^^^^^^^^^^^^^^^^^
  File "C:\Ashish Jha\ashish-jha-github\ConversationAI\venv\Lib\site-packages\django\db\models\base.py", line 1169, in _save_table
    results = self._do_insert(
              ^^^^^^^^^^^^^^^^
  File "C:\Ashish Jha\ashish-jha-github\ConversationAI\venv\Lib\site-packages\django\db\models\base.py", line 1220, in _do_insert
    return manager._insert(
           ^^^^^^^^^^^^^^^^
  File "C:\Ashish Jha\ashish-jha-github\ConversationAI\venv\Lib\site-packages\django\db\models\manager.py", line 87, in manager_method
    return getattr(self.get_queryset(), name)(*args, **kwargs)
           ^^^^^^^^^^^^^^^^^^^^^^^^^^^^^^^^^^^^^^^^^^^^^^^^^^^
  File "C:\Ashish Jha\ashish-jha-github\ConversationAI\venv\Lib\site-packages\django\db\models\query.py", line 1918, in _insert
    return query.get_compiler(using=using).execute_sql(returning_fields)
           ^^^^^^^^^^^^^^^^^^^^^^^^^^^^^^^^^^^^^^^^^^^^^^^^^^^^^^^^^^^^^
  File "C:\Ashish Jha\ashish-jha-github\ConversationAI\venv\Lib\site-packages\django\db\models\sql\compiler.py", line 1925, in execute_sql
    cursor.execute(sql, params)
  File "C:\Ashish Jha\ashish-jha-github\ConversationAI\venv\Lib\site-packages\django\db\backends\utils.py", line 122, in execute
    return super().execute(sql, params)
           ^^^^^^^^^^^^^^^^^^^^^^^^^^^^
  File "C:\Ashish Jha\ashish-jha-github\ConversationAI\venv\Lib\site-packages\django\db\backends\utils.py", line 79, in execute
    return self._execute_with_wrappers(
           ^^^^^^^^^^^^^^^^^^^^^^^^^^^^
  File "C:\Ashish Jha\ashish-jha-github\ConversationAI\venv\Lib\site-packages\django\db\backends\utils.py", line 92, in _execute_with_wrappers
    return executor(sql, params, many, context)
           ^^^^^^^^^^^^^^^^^^^^^^^^^^^^^^^^^^^^
  File "C:\Ashish Jha\ashish-jha-github\ConversationAI\venv\Lib\site-packages\django\db\backends\utils.py", line 100, in _execute
    with self.db.wrap_database_errors:
  File "C:\Ashish Jha\ashish-jha-github\ConversationAI\venv\Lib\site-packages\django\db\utils.py", line 94, in __exit__
    raise dj_exc_value.with_traceback(traceback) from exc_value
  File "C:\Ashish Jha\ashish-jha-github\ConversationAI\venv\Lib\site-packages\django\db\backends\utils.py", line 105, in _execute
    return self.cursor.execute(sql, params)
           ^^^^^^^^^^^^^^^^^^^^^^^^^^^^^^^^
  File "C:\Ashish Jha\ashish-jha-github\ConversationAI\venv\Lib\site-packages\django\db\backends\sqlite3\base.py", line 359, in execute
    return super().execute(query, params)
           ^^^^^^^^^^^^^^^^^^^^^^^^^^^^^^
django.db.utils.IntegrityError: UNIQUE constraint failed: user_profile.user_id
ERROR 2026-05-26 22:55:13,546 log 7292 2716 "POST /api/users/auth/register/ HTTP/1.1" 500 204294
INFO 2026-05-26 23:00:33,903 log 7292 22352 "POST /admin/login/?next=/admin/ HTTP/1.1" 200 4261
INFO 2026-05-26 23:09:02,855 log 7292 6712 "POST /admin/login/?next=/admin/ HTTP/1.1" 302 0
INFO 2026-05-26 23:09:02,890 log 7292 6712 "GET /admin/ HTTP/1.1" 200 15602
INFO 2026-05-26 23:09:02,920 log 7292 6712 "GET /static/admin/css/dashboard.css HTTP/1.1" 200 441
INFO 2026-05-26 23:09:02,937 log 7292 18572 "GET /static/admin/img/icon-changelink.svg HTTP/1.1" 200 978
INFO 2026-05-26 23:09:02,937 log 7292 6712 "GET /static/admin/img/icon-addlink.svg HTTP/1.1" 200 593
INFO 2026-05-26 23:09:40,282 log 7292 6712 "GET /admin/users/user/add/ HTTP/1.1" 200 19484
INFO 2026-05-26 23:09:40,324 log 7292 6712 "GET /static/admin/css/forms.css HTTP/1.1" 200 8831
INFO 2026-05-26 23:09:40,337 log 7292 13140 "GET /static/admin/js/jquery.init.js HTTP/1.1" 200 347
INFO 2026-05-26 23:09:40,340 log 7292 6712 "GET /static/admin/css/unusable_password_field.css HTTP/1.1" 200 663
INFO 2026-05-26 23:09:40,349 log 7292 21840 "GET /static/admin/js/core.js HTTP/1.1" 200 6208
INFO 2026-05-26 23:09:40,351 log 7292 13140 "GET /static/admin/css/widgets.css HTTP/1.1" 200 11811
INFO 2026-05-26 23:09:40,359 log 7292 19104 "GET /static/admin/js/admin/RelatedObjectLookups.js HTTP/1.1" 200 9777
INFO 2026-05-26 23:09:40,362 log 7292 18572 "GET /admin/jsi18n/ HTTP/1.1" 200 3342
INFO 2026-05-26 23:09:40,381 log 7292 21840 "GET /static/admin/js/urlify.js HTTP/1.1" 200 7887
INFO 2026-05-26 23:09:40,381 log 7292 13140 "GET /static/admin/js/prepopulate.js HTTP/1.1" 200 1531
INFO 2026-05-26 23:09:40,390 log 7292 18572 "GET /static/admin/js/prepopulate_init.js HTTP/1.1" 200 586
INFO 2026-05-26 23:09:40,391 log 7292 6712 "GET /static/admin/js/actions.js HTTP/1.1" 200 8076
INFO 2026-05-26 23:09:40,406 log 7292 12452 "GET /static/admin/js/vendor/jquery/jquery.js HTTP/1.1" 200 285314
INFO 2026-05-26 23:09:40,428 log 7292 12452 "GET /static/admin/js/change_form.js HTTP/1.1" 200 606
INFO 2026-05-26 23:09:40,487 log 7292 19104 "GET /static/admin/js/vendor/xregexp/xregexp.js HTTP/1.1" 200 325171
INFO 2026-05-26 23:10:06,278 log 7292 19104 "GET /admin/users/userprofile/add/ HTTP/1.1" 200 19461
INFO 2026-05-26 23:10:06,300 log 7292 12452 "GET /admin/jsi18n/ HTTP/1.1" 200 3342
INFO 2026-05-26 23:10:06,310 log 7292 19104 "GET /static/admin/img/icon-viewlink.svg HTTP/1.1" 200 928
INFO 2026-05-26 23:10:16,860 log 7292 19104 "GET /admin/projects/userproject/add/ HTTP/1.1" 200 19901
INFO 2026-05-26 23:10:16,887 log 7292 19104 "GET /admin/jsi18n/ HTTP/1.1" 200 3342
INFO 2026-05-26 23:10:54,322 log 7292 19104 "GET /admin/conversations/conversation/add/ HTTP/1.1" 200 22605
INFO 2026-05-26 23:10:54,348 log 7292 19104 "GET /admin/jsi18n/ HTTP/1.1" 200 3342
INFO 2026-05-26 23:10:57,066 log 7292 19104 "GET /admin/conversations/message/add/ HTTP/1.1" 200 20555
INFO 2026-05-26 23:10:57,086 log 7292 19104 "GET /admin/jsi18n/ HTTP/1.1" 200 3342
INFO 2026-05-26 23:10:58,655 log 7292 19104 "GET /admin/conversations/responseapproval/add/ HTTP/1.1" 200 24158
INFO 2026-05-26 23:10:58,685 log 7292 19104 "GET /admin/jsi18n/ HTTP/1.1" 200 3342
INFO 2026-05-26 23:10:58,706 log 7292 12452 "GET /static/admin/js/calendar.js HTTP/1.1" 200 9159
INFO 2026-05-26 23:10:58,707 log 7292 6712 "GET /static/admin/js/admin/DateTimeShortcuts.js HTTP/1.1" 200 19698
INFO 2026-05-26 23:10:58,721 log 7292 6712 "GET /static/admin/img/icon-deletelink.svg HTTP/1.1" 200 689
INFO 2026-05-26 23:10:58,740 log 7292 6712 "GET /static/admin/img/icon-calendar.svg HTTP/1.1" 200 1112
INFO 2026-05-26 23:10:58,740 log 7292 12452 "GET /static/admin/img/icon-clock.svg HTTP/1.1" 200 805
INFO 2026-05-26 23:23:59,138 autoreload 7292 21880 C:\Ashish Jha\ashish-jha-github\ConversationAI\AIAssistance\emailPrepAI\settings.py changed, reloading.
INFO 2026-05-26 23:24:00,340 autoreload 19228 7960 Watching for file changes with StatReloader
INFO 2026-05-26 23:24:07,591 autoreload 19228 7960 C:\Ashish Jha\ashish-jha-github\ConversationAI\AIAssistance\emailPrepAI\urls.py changed, reloading.
INFO 2026-05-26 23:24:08,423 autoreload 2340 13892 Watching for file changes with StatReloader
INFO 2026-05-26 23:26:09,165 autoreload 2340 13892 C:\Ashish Jha\ashish-jha-github\ConversationAI\AIAssistance\apps\users\serializers.py changed, reloading.
INFO 2026-05-26 23:26:10,090 autoreload 22544 14836 Watching for file changes with StatReloader
INFO 2026-05-26 23:28:10,403 autoreload 19312 12752 Watching for file changes with StatReloader
INFO 2026-05-26 23:28:48,468 log 19312 5860 "GET / HTTP/1.1" 200 3921
INFO 2026-05-26 23:28:48,606 log 19312 5860 "GET /static/css/style.css HTTP/1.1" 200 11663
INFO 2026-05-26 23:28:48,607 log 19312 5860 "GET /static/js/api.js HTTP/1.1" 200 11538
WARNING 2026-05-26 23:28:49,001 log 19312 5860 Not Found: /favicon.ico
WARNING 2026-05-26 23:28:49,001 log 19312 5860 "GET /favicon.ico HTTP/1.1" 404 7790
ERROR 2026-05-26 23:29:16,441 log 19312 5860 Internal Server Error: /api/users/auth/login
Traceback (most recent call last):
  File "C:\Ashish Jha\ashish-jha-github\ConversationAI\venv\Lib\site-packages\django\core\handlers\exception.py", line 55, in inner
    response = get_response(request)
               ^^^^^^^^^^^^^^^^^^^^^
  File "C:\Ashish Jha\ashish-jha-github\ConversationAI\venv\Lib\site-packages\django\utils\deprecation.py", line 311, in __call__
    response = self.process_response(request, response)
               ^^^^^^^^^^^^^^^^^^^^^^^^^^^^^^^^^^^^^^^^
  File "C:\Ashish Jha\ashish-jha-github\ConversationAI\venv\Lib\site-packages\django\middleware\common.py", line 109, in process_response
    self.get_full_path_with_slash(request)
  File "C:\Ashish Jha\ashish-jha-github\ConversationAI\venv\Lib\site-packages\django\middleware\common.py", line 87, in get_full_path_with_slash
    raise RuntimeError(
RuntimeError: You called this URL via POST, but the URL doesn't end in a slash and you have APPEND_SLASH set. Django can't redirect to the slash URL while maintaining POST data. Change your form to point to localhost:8000/api/users/auth/login/ (note the trailing slash), or set APPEND_SLASH=False in your Django settings.
ERROR 2026-05-26 23:29:16,441 log 19312 5860 "POST /api/users/auth/login HTTP/1.1" 500 80107
ERROR 2026-05-26 23:29:34,492 log 19312 23448 Internal Server Error: /api/users/auth/login
Traceback (most recent call last):
  File "C:\Ashish Jha\ashish-jha-github\ConversationAI\venv\Lib\site-packages\django\core\handlers\exception.py", line 55, in inner
    response = get_response(request)
               ^^^^^^^^^^^^^^^^^^^^^
  File "C:\Ashish Jha\ashish-jha-github\ConversationAI\venv\Lib\site-packages\django\utils\deprecation.py", line 311, in __call__
    response = self.process_response(request, response)
               ^^^^^^^^^^^^^^^^^^^^^^^^^^^^^^^^^^^^^^^^
  File "C:\Ashish Jha\ashish-jha-github\ConversationAI\venv\Lib\site-packages\django\middleware\common.py", line 109, in process_response
    self.get_full_path_with_slash(request)
  File "C:\Ashish Jha\ashish-jha-github\ConversationAI\venv\Lib\site-packages\django\middleware\common.py", line 87, in get_full_path_with_slash
    raise RuntimeError(
RuntimeError: You called this URL via POST, but the URL doesn't end in a slash and you have APPEND_SLASH set. Django can't redirect to the slash URL while maintaining POST data. Change your form to point to localhost:8000/api/users/auth/login/ (note the trailing slash), or set APPEND_SLASH=False in your Django settings.
ERROR 2026-05-26 23:29:34,495 log 19312 23448 "POST /api/users/auth/login HTTP/1.1" 500 80107
ERROR 2026-05-26 23:30:22,156 log 19312 12684 Internal Server Error: /api/users/auth/login
Traceback (most recent call last):
  File "C:\Ashish Jha\ashish-jha-github\ConversationAI\venv\Lib\site-packages\django\core\handlers\exception.py", line 55, in inner
    response = get_response(request)
               ^^^^^^^^^^^^^^^^^^^^^
  File "C:\Ashish Jha\ashish-jha-github\ConversationAI\venv\Lib\site-packages\django\utils\deprecation.py", line 311, in __call__
    response = self.process_response(request, response)
               ^^^^^^^^^^^^^^^^^^^^^^^^^^^^^^^^^^^^^^^^
  File "C:\Ashish Jha\ashish-jha-github\ConversationAI\venv\Lib\site-packages\django\middleware\common.py", line 109, in process_response
    self.get_full_path_with_slash(request)
  File "C:\Ashish Jha\ashish-jha-github\ConversationAI\venv\Lib\site-packages\django\middleware\common.py", line 87, in get_full_path_with_slash
    raise RuntimeError(
RuntimeError: You called this URL via POST, but the URL doesn't end in a slash and you have APPEND_SLASH set. Django can't redirect to the slash URL while maintaining POST data. Change your form to point to localhost:8000/api/users/auth/login/ (note the trailing slash), or set APPEND_SLASH=False in your Django settings.
ERROR 2026-05-26 23:30:22,156 log 19312 12684 "POST /api/users/auth/login HTTP/1.1" 500 80107
INFO 2026-05-26 23:30:29,226 log 19312 7080 "GET /register/ HTTP/1.1" 200 5832
INFO 2026-05-26 23:30:29,248 log 19312 7080 "GET /static/css/style.css HTTP/1.1" 304 0
INFO 2026-05-26 23:30:29,250 log 19312 7080 "GET /static/js/api.js HTTP/1.1" 304 0
INFO 2026-05-26 23:30:38,134 log 19312 7080 "GET /login/ HTTP/1.1" 200 3921
ERROR 2026-05-26 23:30:58,686 log 19312 7080 Internal Server Error: /api/users/auth/login
Traceback (most recent call last):
  File "C:\Ashish Jha\ashish-jha-github\ConversationAI\venv\Lib\site-packages\django\core\handlers\exception.py", line 55, in inner
    response = get_response(request)
               ^^^^^^^^^^^^^^^^^^^^^
  File "C:\Ashish Jha\ashish-jha-github\ConversationAI\venv\Lib\site-packages\django\utils\deprecation.py", line 311, in __call__
    response = self.process_response(request, response)
               ^^^^^^^^^^^^^^^^^^^^^^^^^^^^^^^^^^^^^^^^
  File "C:\Ashish Jha\ashish-jha-github\ConversationAI\venv\Lib\site-packages\django\middleware\common.py", line 109, in process_response
    self.get_full_path_with_slash(request)
  File "C:\Ashish Jha\ashish-jha-github\ConversationAI\venv\Lib\site-packages\django\middleware\common.py", line 87, in get_full_path_with_slash
    raise RuntimeError(
RuntimeError: You called this URL via POST, but the URL doesn't end in a slash and you have APPEND_SLASH set. Django can't redirect to the slash URL while maintaining POST data. Change your form to point to localhost:8000/api/users/auth/login/ (note the trailing slash), or set APPEND_SLASH=False in your Django settings.
ERROR 2026-05-26 23:30:58,686 log 19312 7080 "POST /api/users/auth/login HTTP/1.1" 500 80113
INFO 2026-05-26 23:31:03,482 log 19312 4484 "GET /register/ HTTP/1.1" 200 5832
ERROR 2026-05-26 23:31:43,107 log 19312 4484 Internal Server Error: /api/users/auth/register
Traceback (most recent call last):
  File "C:\Ashish Jha\ashish-jha-github\ConversationAI\venv\Lib\site-packages\django\core\handlers\exception.py", line 55, in inner
    response = get_response(request)
               ^^^^^^^^^^^^^^^^^^^^^
  File "C:\Ashish Jha\ashish-jha-github\ConversationAI\venv\Lib\site-packages\django\utils\deprecation.py", line 311, in __call__
    response = self.process_response(request, response)
               ^^^^^^^^^^^^^^^^^^^^^^^^^^^^^^^^^^^^^^^^
  File "C:\Ashish Jha\ashish-jha-github\ConversationAI\venv\Lib\site-packages\django\middleware\common.py", line 109, in process_response
    self.get_full_path_with_slash(request)
  File "C:\Ashish Jha\ashish-jha-github\ConversationAI\venv\Lib\site-packages\django\middleware\common.py", line 87, in get_full_path_with_slash
    raise RuntimeError(
RuntimeError: You called this URL via POST, but the URL doesn't end in a slash and you have APPEND_SLASH set. Django can't redirect to the slash URL while maintaining POST data. Change your form to point to localhost:8000/api/users/auth/register/ (note the trailing slash), or set APPEND_SLASH=False in your Django settings.
ERROR 2026-05-26 23:31:43,113 log 19312 4484 "POST /api/users/auth/register HTTP/1.1" 500 80165
INFO 2026-05-26 23:31:55,564 log 19312 21684 "GET /login/ HTTP/1.1" 200 3921
ERROR 2026-05-26 23:43:16,241 log 19312 22964 Internal Server Error: /api/users/auth/login
Traceback (most recent call last):
  File "C:\Ashish Jha\ashish-jha-github\ConversationAI\venv\Lib\site-packages\django\core\handlers\exception.py", line 55, in inner
    response = get_response(request)
               ^^^^^^^^^^^^^^^^^^^^^
  File "C:\Ashish Jha\ashish-jha-github\ConversationAI\venv\Lib\site-packages\django\utils\deprecation.py", line 311, in __call__
    response = self.process_response(request, response)
               ^^^^^^^^^^^^^^^^^^^^^^^^^^^^^^^^^^^^^^^^
  File "C:\Ashish Jha\ashish-jha-github\ConversationAI\venv\Lib\site-packages\django\middleware\common.py", line 109, in process_response
    self.get_full_path_with_slash(request)
  File "C:\Ashish Jha\ashish-jha-github\ConversationAI\venv\Lib\site-packages\django\middleware\common.py", line 87, in get_full_path_with_slash
    raise RuntimeError(
RuntimeError: You called this URL via POST, but the URL doesn't end in a slash and you have APPEND_SLASH set. Django can't redirect to the slash URL while maintaining POST data. Change your form to point to localhost:8000/api/users/auth/login/ (note the trailing slash), or set APPEND_SLASH=False in your Django settings.
ERROR 2026-05-26 23:43:16,241 log 19312 22964 "POST /api/users/auth/login HTTP/1.1" 500 80113
INFO 2026-05-26 23:43:20,919 log 19312 21884 "GET /login/ HTTP/1.1" 200 3921
INFO 2026-05-26 23:43:20,952 log 19312 21884 "GET /static/css/style.css HTTP/1.1" 304 0
INFO 2026-05-26 23:43:21,006 log 19312 21884 "GET /static/js/api.js HTTP/1.1" 200 11543
INFO 2026-05-26 23:46:12,900 autoreload 14232 10044 Watching for file changes with StatReloader
INFO 2026-05-26 23:46:39,674 log 14232 19712 "POST /api/users/auth/login/ HTTP/1.1" 200 743
INFO 2026-05-26 23:46:40,505 log 14232 19712 "GET /admin-panel/ HTTP/1.1" 200 17856
INFO 2026-05-26 23:46:40,533 log 14232 19712 "GET /static/css/style.css HTTP/1.1" 304 0
INFO 2026-05-26 23:46:40,533 log 14232 2708 "GET /static/js/api.js HTTP/1.1" 304 0
WARNING 2026-05-26 23:46:40,561 log 14232 19712 Not Found: /api/users/users/
WARNING 2026-05-26 23:46:40,565 log 14232 19712 "GET /api/users/users/ HTTP/1.1" 404 9920
INFO 2026-05-26 23:46:40,569 log 14232 2708 "GET /api/moderation/queue HTTP/1.1" 200 24
INFO 2026-05-26 23:46:40,603 log 14232 2708 "GET /api/moderation/history HTTP/1.1" 200 24
INFO 2026-05-26 23:46:40,620 log 14232 2708 "GET /api/moderation/queue HTTP/1.1" 200 24
ERROR 2026-05-26 23:46:40,737 log 14232 19712 Internal Server Error: /api/projects/
Traceback (most recent call last):
  File "C:\Ashish Jha\ashish-jha-github\ConversationAI\venv\Lib\site-packages\django\core\handlers\exception.py", line 55, in inner
    response = get_response(request)
               ^^^^^^^^^^^^^^^^^^^^^
  File "C:\Ashish Jha\ashish-jha-github\ConversationAI\venv\Lib\site-packages\django\core\handlers\base.py", line 198, in _get_response
    response = wrapped_callback(request, *callback_args, **callback_kwargs)
               ^^^^^^^^^^^^^^^^^^^^^^^^^^^^^^^^^^^^^^^^^^^^^^^^^^^^^^^^^^^^
  File "C:\Ashish Jha\ashish-jha-github\ConversationAI\venv\Lib\site-packages\django\views\decorators\csrf.py", line 65, in _view_wrapper
    return view_func(request, *args, **kwargs)
           ^^^^^^^^^^^^^^^^^^^^^^^^^^^^^^^^^^^
  File "C:\Ashish Jha\ashish-jha-github\ConversationAI\venv\Lib\site-packages\rest_framework\viewsets.py", line 125, in view
    return self.dispatch(request, *args, **kwargs)
           ^^^^^^^^^^^^^^^^^^^^^^^^^^^^^^^^^^^^^^^
  File "C:\Ashish Jha\ashish-jha-github\ConversationAI\venv\Lib\site-packages\rest_framework\views.py", line 509, in dispatch
    response = self.handle_exception(exc)
               ^^^^^^^^^^^^^^^^^^^^^^^^^^
  File "C:\Ashish Jha\ashish-jha-github\ConversationAI\venv\Lib\site-packages\rest_framework\views.py", line 469, in handle_exception
    self.raise_uncaught_exception(exc)
  File "C:\Ashish Jha\ashish-jha-github\ConversationAI\venv\Lib\site-packages\rest_framework\views.py", line 480, in raise_uncaught_exception
    raise exc
  File "C:\Ashish Jha\ashish-jha-github\ConversationAI\venv\Lib\site-packages\rest_framework\views.py", line 506, in dispatch
    response = handler(request, *args, **kwargs)
               ^^^^^^^^^^^^^^^^^^^^^^^^^^^^^^^^^
  File "C:\Ashish Jha\ashish-jha-github\ConversationAI\venv\Lib\site-packages\rest_framework\mixins.py", line 38, in list
    queryset = self.filter_queryset(self.get_queryset())
                                    ^^^^^^^^^^^^^^^^^^^
  File "C:\Ashish Jha\ashish-jha-github\ConversationAI\AIAssistance\apps\projects\views.py", line 26, in get_queryset
    member = Project.objects.filter(userproject__user=user)
             ^^^^^^^^^^^^^^^^^^^^^^^^^^^^^^^^^^^^^^^^^^^^^^
  File "C:\Ashish Jha\ashish-jha-github\ConversationAI\venv\Lib\site-packages\django\db\models\manager.py", line 87, in manager_method
    return getattr(self.get_queryset(), name)(*args, **kwargs)
           ^^^^^^^^^^^^^^^^^^^^^^^^^^^^^^^^^^^^^^^^^^^^^^^^^^^
  File "C:\Ashish Jha\ashish-jha-github\ConversationAI\venv\Lib\site-packages\django\db\models\query.py", line 1542, in filter
    return self._filter_or_exclude(False, args, kwargs)
           ^^^^^^^^^^^^^^^^^^^^^^^^^^^^^^^^^^^^^^^^^^^^
  File "C:\Ashish Jha\ashish-jha-github\ConversationAI\venv\Lib\site-packages\django\db\models\query.py", line 1560, in _filter_or_exclude
    clone._filter_or_exclude_inplace(negate, args, kwargs)
  File "C:\Ashish Jha\ashish-jha-github\ConversationAI\venv\Lib\site-packages\django\db\models\query.py", line 1570, in _filter_or_exclude_inplace
    self._query.add_q(Q(*args, **kwargs))
  File "C:\Ashish Jha\ashish-jha-github\ConversationAI\venv\Lib\site-packages\django\db\models\sql\query.py", line 1676, in add_q
    clause, _ = self._add_q(q_object, can_reuse)
                ^^^^^^^^^^^^^^^^^^^^^^^^^^^^^^^^
  File "C:\Ashish Jha\ashish-jha-github\ConversationAI\venv\Lib\site-packages\django\db\models\sql\query.py", line 1708, in _add_q
    child_clause, needed_inner = self.build_filter(
                                 ^^^^^^^^^^^^^^^^^^
  File "C:\Ashish Jha\ashish-jha-github\ConversationAI\venv\Lib\site-packages\django\db\models\sql\query.py", line 1556, in build_filter
    lookups, parts, reffed_expression = self.solve_lookup_type(arg, summarize)
                                        ^^^^^^^^^^^^^^^^^^^^^^^^^^^^^^^^^^^^^^
  File "C:\Ashish Jha\ashish-jha-github\ConversationAI\venv\Lib\site-packages\django\db\models\sql\query.py", line 1363, in solve_lookup_type
    _, field, _, lookup_parts = self.names_to_path(lookup_splitted, self.get_meta())
                                ^^^^^^^^^^^^^^^^^^^^^^^^^^^^^^^^^^^^^^^^^^^^^^^^^^^^
  File "C:\Ashish Jha\ashish-jha-github\ConversationAI\venv\Lib\site-packages\django\db\models\sql\query.py", line 1842, in names_to_path
    raise FieldError(
django.core.exceptions.FieldError: Cannot resolve keyword 'userproject' into field. Choices are: conversations, created_at, description, id, is_active, members, name, owner, owner_id, updated_at
ERROR 2026-05-26 23:46:40,750 log 14232 19712 "GET /api/projects/ HTTP/1.1" 500 153961
INFO 2026-05-26 23:47:12,113 log 14232 19712 "GET /admin-panel/users/ HTTP/1.1" 200 17468
INFO 2026-05-26 23:47:12,138 log 14232 19712 "GET /static/js/api.js HTTP/1.1" 304 0
WARNING 2026-05-26 23:47:12,164 log 14232 2708 Not Found: /api/users/users/
WARNING 2026-05-26 23:47:12,176 log 14232 2708 "GET /api/users/users/ HTTP/1.1" 404 9920
INFO 2026-05-26 23:47:12,179 log 14232 19712 "GET /api/moderation/queue HTTP/1.1" 200 24
WARNING 2026-05-26 23:47:17,264 log 14232 19712 Not Found: /api/users/users/
WARNING 2026-05-26 23:47:17,269 log 14232 19712 "GET /api/users/users/ HTTP/1.1" 404 9920
INFO 2026-05-26 23:47:27,268 log 14232 19712 "GET /moderator/history/ HTTP/1.1" 200 12068
INFO 2026-05-26 23:47:27,299 log 14232 19712 "GET /api/moderation/queue HTTP/1.1" 200 24
INFO 2026-05-26 23:47:27,299 log 14232 2708 "GET /api/moderation/history HTTP/1.1" 200 24
INFO 2026-05-26 23:47:31,071 log 14232 2708 "GET /moderator/queue/ HTTP/1.1" 200 16681
INFO 2026-05-26 23:47:31,115 log 14232 2708 "GET /api/moderation/queue HTTP/1.1" 200 24
INFO 2026-05-26 23:47:31,130 log 14232 2708 "GET /api/moderation/queue HTTP/1.1" 200 24
INFO 2026-05-26 23:47:38,432 log 14232 2708 "GET /moderator/ HTTP/1.1" 200 15963
INFO 2026-05-26 23:47:38,456 log 14232 2708 "GET /static/js/api.js HTTP/1.1" 304 0
INFO 2026-05-26 23:47:38,476 log 14232 2708 "GET /api/moderation/queue HTTP/1.1" 200 24
INFO 2026-05-26 23:47:38,491 log 14232 2708 "GET /api/moderation/queue HTTP/1.1" 200 24
INFO 2026-05-26 23:47:38,505 log 14232 2708 "GET /api/moderation/history HTTP/1.1" 200 24
INFO 2026-05-26 23:47:47,300 log 14232 2708 "GET /admin-panel/ HTTP/1.1" 200 17856
WARNING 2026-05-26 23:47:47,342 log 14232 19712 Not Found: /api/users/users/
WARNING 2026-05-26 23:47:47,348 log 14232 19712 "GET /api/users/users/ HTTP/1.1" 404 9920
INFO 2026-05-26 23:47:47,348 log 14232 2708 "GET /api/moderation/queue HTTP/1.1" 200 24
INFO 2026-05-26 23:47:47,373 log 14232 2708 "GET /api/moderation/history HTTP/1.1" 200 24
INFO 2026-05-26 23:47:47,392 log 14232 2708 "GET /api/moderation/queue HTTP/1.1" 200 24
ERROR 2026-05-26 23:47:47,456 log 14232 19712 Internal Server Error: /api/projects/
Traceback (most recent call last):
  File "C:\Ashish Jha\ashish-jha-github\ConversationAI\venv\Lib\site-packages\django\core\handlers\exception.py", line 55, in inner
    response = get_response(request)
               ^^^^^^^^^^^^^^^^^^^^^
  File "C:\Ashish Jha\ashish-jha-github\ConversationAI\venv\Lib\site-packages\django\core\handlers\base.py", line 198, in _get_response
    response = wrapped_callback(request, *callback_args, **callback_kwargs)
               ^^^^^^^^^^^^^^^^^^^^^^^^^^^^^^^^^^^^^^^^^^^^^^^^^^^^^^^^^^^^
  File "C:\Ashish Jha\ashish-jha-github\ConversationAI\venv\Lib\site-packages\django\views\decorators\csrf.py", line 65, in _view_wrapper
    return view_func(request, *args, **kwargs)
           ^^^^^^^^^^^^^^^^^^^^^^^^^^^^^^^^^^^
  File "C:\Ashish Jha\ashish-jha-github\ConversationAI\venv\Lib\site-packages\rest_framework\viewsets.py", line 125, in view
    return self.dispatch(request, *args, **kwargs)
           ^^^^^^^^^^^^^^^^^^^^^^^^^^^^^^^^^^^^^^^
  File "C:\Ashish Jha\ashish-jha-github\ConversationAI\venv\Lib\site-packages\rest_framework\views.py", line 509, in dispatch
    response = self.handle_exception(exc)
               ^^^^^^^^^^^^^^^^^^^^^^^^^^
  File "C:\Ashish Jha\ashish-jha-github\ConversationAI\venv\Lib\site-packages\rest_framework\views.py", line 469, in handle_exception
    self.raise_uncaught_exception(exc)
  File "C:\Ashish Jha\ashish-jha-github\ConversationAI\venv\Lib\site-packages\rest_framework\views.py", line 480, in raise_uncaught_exception
    raise exc
  File "C:\Ashish Jha\ashish-jha-github\ConversationAI\venv\Lib\site-packages\rest_framework\views.py", line 506, in dispatch
    response = handler(request, *args, **kwargs)
               ^^^^^^^^^^^^^^^^^^^^^^^^^^^^^^^^^
  File "C:\Ashish Jha\ashish-jha-github\ConversationAI\venv\Lib\site-packages\rest_framework\mixins.py", line 38, in list
    queryset = self.filter_queryset(self.get_queryset())
                                    ^^^^^^^^^^^^^^^^^^^
  File "C:\Ashish Jha\ashish-jha-github\ConversationAI\AIAssistance\apps\projects\views.py", line 26, in get_queryset
    member = Project.objects.filter(userproject__user=user)
             ^^^^^^^^^^^^^^^^^^^^^^^^^^^^^^^^^^^^^^^^^^^^^^
  File "C:\Ashish Jha\ashish-jha-github\ConversationAI\venv\Lib\site-packages\django\db\models\manager.py", line 87, in manager_method
    return getattr(self.get_queryset(), name)(*args, **kwargs)
           ^^^^^^^^^^^^^^^^^^^^^^^^^^^^^^^^^^^^^^^^^^^^^^^^^^^
  File "C:\Ashish Jha\ashish-jha-github\ConversationAI\venv\Lib\site-packages\django\db\models\query.py", line 1542, in filter
    return self._filter_or_exclude(False, args, kwargs)
           ^^^^^^^^^^^^^^^^^^^^^^^^^^^^^^^^^^^^^^^^^^^^
  File "C:\Ashish Jha\ashish-jha-github\ConversationAI\venv\Lib\site-packages\django\db\models\query.py", line 1560, in _filter_or_exclude
    clone._filter_or_exclude_inplace(negate, args, kwargs)
  File "C:\Ashish Jha\ashish-jha-github\ConversationAI\venv\Lib\site-packages\django\db\models\query.py", line 1570, in _filter_or_exclude_inplace
    self._query.add_q(Q(*args, **kwargs))
  File "C:\Ashish Jha\ashish-jha-github\ConversationAI\venv\Lib\site-packages\django\db\models\sql\query.py", line 1676, in add_q
    clause, _ = self._add_q(q_object, can_reuse)
                ^^^^^^^^^^^^^^^^^^^^^^^^^^^^^^^^
  File "C:\Ashish Jha\ashish-jha-github\ConversationAI\venv\Lib\site-packages\django\db\models\sql\query.py", line 1708, in _add_q
    child_clause, needed_inner = self.build_filter(
                                 ^^^^^^^^^^^^^^^^^^
  File "C:\Ashish Jha\ashish-jha-github\ConversationAI\venv\Lib\site-packages\django\db\models\sql\query.py", line 1556, in build_filter
    lookups, parts, reffed_expression = self.solve_lookup_type(arg, summarize)
                                        ^^^^^^^^^^^^^^^^^^^^^^^^^^^^^^^^^^^^^^
  File "C:\Ashish Jha\ashish-jha-github\ConversationAI\venv\Lib\site-packages\django\db\models\sql\query.py", line 1363, in solve_lookup_type
    _, field, _, lookup_parts = self.names_to_path(lookup_splitted, self.get_meta())
                                ^^^^^^^^^^^^^^^^^^^^^^^^^^^^^^^^^^^^^^^^^^^^^^^^^^^^
  File "C:\Ashish Jha\ashish-jha-github\ConversationAI\venv\Lib\site-packages\django\db\models\sql\query.py", line 1842, in names_to_path
    raise FieldError(
django.core.exceptions.FieldError: Cannot resolve keyword 'userproject' into field. Choices are: conversations, created_at, description, id, is_active, members, name, owner, owner_id, updated_at
ERROR 2026-05-26 23:47:47,462 log 14232 19712 "GET /api/projects/ HTTP/1.1" 500 153961
INFO 2026-05-26 23:48:00,706 log 14232 19712 "GET /admin/ HTTP/1.1" 302 0
INFO 2026-05-26 23:48:00,748 log 14232 19712 "GET /admin/login/?next=/admin/ HTTP/1.1" 200 4080
INFO 2026-05-26 23:48:01,138 log 14232 19828 "GET /static/admin/css/login.css HTTP/1.1" 200 951
INFO 2026-05-26 23:48:01,142 log 14232 18284 "GET /static/admin/js/theme.js HTTP/1.1" 200 1653
INFO 2026-05-26 23:48:01,147 log 14232 2708 "GET /static/admin/css/dark_mode.css HTTP/1.1" 200 3538
INFO 2026-05-26 23:48:01,147 log 14232 18532 "GET /static/admin/css/nav_sidebar.css HTTP/1.1" 200 2810
INFO 2026-05-26 23:48:01,147 log 14232 19712 "GET /static/admin/css/base.css HTTP/1.1" 200 23100
INFO 2026-05-26 23:48:01,156 log 14232 18532 "GET /static/admin/js/nav_sidebar.js HTTP/1.1" 200 3063
INFO 2026-05-26 23:48:01,235 log 14232 2056 "GET /static/admin/css/responsive.css HTTP/1.1" 200 16273
INFO 2026-05-26 23:48:13,597 log 14232 2056 "GET /dashboard/ HTTP/1.1" 200 15843
INFO 2026-05-26 23:48:13,621 log 14232 2056 "GET /static/js/api.js HTTP/1.1" 304 0
INFO 2026-05-26 23:48:13,694 log 14232 18532 "GET /api/conversations/conversations HTTP/1.1" 200 52
INFO 2026-05-26 23:48:13,694 log 14232 2056 "GET /api/moderation/queue HTTP/1.1" 200 24
INFO 2026-05-26 23:48:13,694 log 14232 19712 "GET /api/conversations/responses HTTP/1.1" 200 52
ERROR 2026-05-26 23:48:13,747 log 14232 2708 Internal Server Error: /api/projects/
Traceback (most recent call last):
  File "C:\Ashish Jha\ashish-jha-github\ConversationAI\venv\Lib\site-packages\django\core\handlers\exception.py", line 55, in inner
    response = get_response(request)
               ^^^^^^^^^^^^^^^^^^^^^
  File "C:\Ashish Jha\ashish-jha-github\ConversationAI\venv\Lib\site-packages\django\core\handlers\base.py", line 198, in _get_response
    response = wrapped_callback(request, *callback_args, **callback_kwargs)
               ^^^^^^^^^^^^^^^^^^^^^^^^^^^^^^^^^^^^^^^^^^^^^^^^^^^^^^^^^^^^
  File "C:\Ashish Jha\ashish-jha-github\ConversationAI\venv\Lib\site-packages\django\views\decorators\csrf.py", line 65, in _view_wrapper
    return view_func(request, *args, **kwargs)
           ^^^^^^^^^^^^^^^^^^^^^^^^^^^^^^^^^^^
  File "C:\Ashish Jha\ashish-jha-github\ConversationAI\venv\Lib\site-packages\rest_framework\viewsets.py", line 125, in view
    return self.dispatch(request, *args, **kwargs)
           ^^^^^^^^^^^^^^^^^^^^^^^^^^^^^^^^^^^^^^^
  File "C:\Ashish Jha\ashish-jha-github\ConversationAI\venv\Lib\site-packages\rest_framework\views.py", line 509, in dispatch
    response = self.handle_exception(exc)
               ^^^^^^^^^^^^^^^^^^^^^^^^^^
  File "C:\Ashish Jha\ashish-jha-github\ConversationAI\venv\Lib\site-packages\rest_framework\views.py", line 469, in handle_exception
    self.raise_uncaught_exception(exc)
  File "C:\Ashish Jha\ashish-jha-github\ConversationAI\venv\Lib\site-packages\rest_framework\views.py", line 480, in raise_uncaught_exception
    raise exc
  File "C:\Ashish Jha\ashish-jha-github\ConversationAI\venv\Lib\site-packages\rest_framework\views.py", line 506, in dispatch
    response = handler(request, *args, **kwargs)
               ^^^^^^^^^^^^^^^^^^^^^^^^^^^^^^^^^
  File "C:\Ashish Jha\ashish-jha-github\ConversationAI\venv\Lib\site-packages\rest_framework\mixins.py", line 38, in list
    queryset = self.filter_queryset(self.get_queryset())
                                    ^^^^^^^^^^^^^^^^^^^
  File "C:\Ashish Jha\ashish-jha-github\ConversationAI\AIAssistance\apps\projects\views.py", line 26, in get_queryset
    member = Project.objects.filter(userproject__user=user)
             ^^^^^^^^^^^^^^^^^^^^^^^^^^^^^^^^^^^^^^^^^^^^^^
  File "C:\Ashish Jha\ashish-jha-github\ConversationAI\venv\Lib\site-packages\django\db\models\manager.py", line 87, in manager_method
    return getattr(self.get_queryset(), name)(*args, **kwargs)
           ^^^^^^^^^^^^^^^^^^^^^^^^^^^^^^^^^^^^^^^^^^^^^^^^^^^
  File "C:\Ashish Jha\ashish-jha-github\ConversationAI\venv\Lib\site-packages\django\db\models\query.py", line 1542, in filter
    return self._filter_or_exclude(False, args, kwargs)
           ^^^^^^^^^^^^^^^^^^^^^^^^^^^^^^^^^^^^^^^^^^^^
  File "C:\Ashish Jha\ashish-jha-github\ConversationAI\venv\Lib\site-packages\django\db\models\query.py", line 1560, in _filter_or_exclude
    clone._filter_or_exclude_inplace(negate, args, kwargs)
  File "C:\Ashish Jha\ashish-jha-github\ConversationAI\venv\Lib\site-packages\django\db\models\query.py", line 1570, in _filter_or_exclude_inplace
    self._query.add_q(Q(*args, **kwargs))
  File "C:\Ashish Jha\ashish-jha-github\ConversationAI\venv\Lib\site-packages\django\db\models\sql\query.py", line 1676, in add_q
    clause, _ = self._add_q(q_object, can_reuse)
                ^^^^^^^^^^^^^^^^^^^^^^^^^^^^^^^^
  File "C:\Ashish Jha\ashish-jha-github\ConversationAI\venv\Lib\site-packages\django\db\models\sql\query.py", line 1708, in _add_q
    child_clause, needed_inner = self.build_filter(
                                 ^^^^^^^^^^^^^^^^^^
  File "C:\Ashish Jha\ashish-jha-github\ConversationAI\venv\Lib\site-packages\django\db\models\sql\query.py", line 1556, in build_filter
    lookups, parts, reffed_expression = self.solve_lookup_type(arg, summarize)
                                        ^^^^^^^^^^^^^^^^^^^^^^^^^^^^^^^^^^^^^^
  File "C:\Ashish Jha\ashish-jha-github\ConversationAI\venv\Lib\site-packages\django\db\models\sql\query.py", line 1363, in solve_lookup_type
    _, field, _, lookup_parts = self.names_to_path(lookup_splitted, self.get_meta())
                                ^^^^^^^^^^^^^^^^^^^^^^^^^^^^^^^^^^^^^^^^^^^^^^^^^^^^
  File "C:\Ashish Jha\ashish-jha-github\ConversationAI\venv\Lib\site-packages\django\db\models\sql\query.py", line 1842, in names_to_path
    raise FieldError(
django.core.exceptions.FieldError: Cannot resolve keyword 'userproject' into field. Choices are: conversations, created_at, description, id, is_active, members, name, owner, owner_id, updated_at
ERROR 2026-05-26 23:48:13,763 log 14232 2708 "GET /api/projects/ HTTP/1.1" 500 154584
INFO 2026-05-26 23:52:03,597 log 14232 2708 "GET /profile/ HTTP/1.1" 200 17176
INFO 2026-05-26 23:52:03,626 log 14232 2708 "GET /static/css/style.css HTTP/1.1" 304 0
INFO 2026-05-26 23:52:03,658 log 14232 19712 "GET /static/js/api.js HTTP/1.1" 200 11544
WARNING 2026-05-26 23:52:03,693 log 14232 19712 Not Found: /api/users/users/profile/
WARNING 2026-05-26 23:52:03,693 log 14232 19712 "GET /api/users/users/profile/ HTTP/1.1" 404 9944
INFO 2026-05-26 23:52:03,693 log 14232 2708 "GET /api/moderation/queue HTTP/1.1" 200 24
INFO 2026-05-26 23:52:20,658 log 14232 2708 "GET /profile/ HTTP/1.1" 200 17176
INFO 2026-05-26 23:52:20,686 log 14232 2708 "GET /static/js/api.js HTTP/1.1" 304 0
WARNING 2026-05-26 23:52:20,709 log 14232 19712 Not Found: /api/users/users/profile/
WARNING 2026-05-26 23:52:20,716 log 14232 19712 "GET /api/users/users/profile/ HTTP/1.1" 404 9944
INFO 2026-05-26 23:52:20,722 log 14232 2708 "GET /api/moderation/queue HTTP/1.1" 200 24
INFO 2026-05-26 23:52:30,227 log 14232 2708 "GET /dashboard/ HTTP/1.1" 200 15843
INFO 2026-05-26 23:52:30,278 log 14232 2056 "GET /api/conversations/conversations HTTP/1.1" 200 52
INFO 2026-05-26 23:52:30,294 log 14232 2708 "GET /api/moderation/queue HTTP/1.1" 200 24
INFO 2026-05-26 23:52:30,302 log 14232 18532 "GET /api/conversations/responses HTTP/1.1" 200 52
ERROR 2026-05-26 23:52:30,370 log 14232 19712 Internal Server Error: /api/projects/
Traceback (most recent call last):
  File "C:\Ashish Jha\ashish-jha-github\ConversationAI\venv\Lib\site-packages\django\core\handlers\exception.py", line 55, in inner
    response = get_response(request)
               ^^^^^^^^^^^^^^^^^^^^^
  File "C:\Ashish Jha\ashish-jha-github\ConversationAI\venv\Lib\site-packages\django\core\handlers\base.py", line 198, in _get_response
    response = wrapped_callback(request, *callback_args, **callback_kwargs)
               ^^^^^^^^^^^^^^^^^^^^^^^^^^^^^^^^^^^^^^^^^^^^^^^^^^^^^^^^^^^^
  File "C:\Ashish Jha\ashish-jha-github\ConversationAI\venv\Lib\site-packages\django\views\decorators\csrf.py", line 65, in _view_wrapper
    return view_func(request, *args, **kwargs)
           ^^^^^^^^^^^^^^^^^^^^^^^^^^^^^^^^^^^
  File "C:\Ashish Jha\ashish-jha-github\ConversationAI\venv\Lib\site-packages\rest_framework\viewsets.py", line 125, in view
    return self.dispatch(request, *args, **kwargs)
           ^^^^^^^^^^^^^^^^^^^^^^^^^^^^^^^^^^^^^^^
  File "C:\Ashish Jha\ashish-jha-github\ConversationAI\venv\Lib\site-packages\rest_framework\views.py", line 509, in dispatch
    response = self.handle_exception(exc)
               ^^^^^^^^^^^^^^^^^^^^^^^^^^
  File "C:\Ashish Jha\ashish-jha-github\ConversationAI\venv\Lib\site-packages\rest_framework\views.py", line 469, in handle_exception
    self.raise_uncaught_exception(exc)
  File "C:\Ashish Jha\ashish-jha-github\ConversationAI\venv\Lib\site-packages\rest_framework\views.py", line 480, in raise_uncaught_exception
    raise exc
  File "C:\Ashish Jha\ashish-jha-github\ConversationAI\venv\Lib\site-packages\rest_framework\views.py", line 506, in dispatch
    response = handler(request, *args, **kwargs)
               ^^^^^^^^^^^^^^^^^^^^^^^^^^^^^^^^^
  File "C:\Ashish Jha\ashish-jha-github\ConversationAI\venv\Lib\site-packages\rest_framework\mixins.py", line 38, in list
    queryset = self.filter_queryset(self.get_queryset())
                                    ^^^^^^^^^^^^^^^^^^^
  File "C:\Ashish Jha\ashish-jha-github\ConversationAI\AIAssistance\apps\projects\views.py", line 26, in get_queryset
    member = Project.objects.filter(userproject__user=user)
             ^^^^^^^^^^^^^^^^^^^^^^^^^^^^^^^^^^^^^^^^^^^^^^
  File "C:\Ashish Jha\ashish-jha-github\ConversationAI\venv\Lib\site-packages\django\db\models\manager.py", line 87, in manager_method
    return getattr(self.get_queryset(), name)(*args, **kwargs)
           ^^^^^^^^^^^^^^^^^^^^^^^^^^^^^^^^^^^^^^^^^^^^^^^^^^^
  File "C:\Ashish Jha\ashish-jha-github\ConversationAI\venv\Lib\site-packages\django\db\models\query.py", line 1542, in filter
    return self._filter_or_exclude(False, args, kwargs)
           ^^^^^^^^^^^^^^^^^^^^^^^^^^^^^^^^^^^^^^^^^^^^
  File "C:\Ashish Jha\ashish-jha-github\ConversationAI\venv\Lib\site-packages\django\db\models\query.py", line 1560, in _filter_or_exclude
    clone._filter_or_exclude_inplace(negate, args, kwargs)
  File "C:\Ashish Jha\ashish-jha-github\ConversationAI\venv\Lib\site-packages\django\db\models\query.py", line 1570, in _filter_or_exclude_inplace
    self._query.add_q(Q(*args, **kwargs))
  File "C:\Ashish Jha\ashish-jha-github\ConversationAI\venv\Lib\site-packages\django\db\models\sql\query.py", line 1676, in add_q
    clause, _ = self._add_q(q_object, can_reuse)
                ^^^^^^^^^^^^^^^^^^^^^^^^^^^^^^^^
  File "C:\Ashish Jha\ashish-jha-github\ConversationAI\venv\Lib\site-packages\django\db\models\sql\query.py", line 1708, in _add_q
    child_clause, needed_inner = self.build_filter(
                                 ^^^^^^^^^^^^^^^^^^
  File "C:\Ashish Jha\ashish-jha-github\ConversationAI\venv\Lib\site-packages\django\db\models\sql\query.py", line 1556, in build_filter
    lookups, parts, reffed_expression = self.solve_lookup_type(arg, summarize)
                                        ^^^^^^^^^^^^^^^^^^^^^^^^^^^^^^^^^^^^^^
  File "C:\Ashish Jha\ashish-jha-github\ConversationAI\venv\Lib\site-packages\django\db\models\sql\query.py", line 1363, in solve_lookup_type
    _, field, _, lookup_parts = self.names_to_path(lookup_splitted, self.get_meta())
                                ^^^^^^^^^^^^^^^^^^^^^^^^^^^^^^^^^^^^^^^^^^^^^^^^^^^^
  File "C:\Ashish Jha\ashish-jha-github\ConversationAI\venv\Lib\site-packages\django\db\models\sql\query.py", line 1842, in names_to_path
    raise FieldError(
django.core.exceptions.FieldError: Cannot resolve keyword 'userproject' into field. Choices are: conversations, created_at, description, id, is_active, members, name, owner, owner_id, updated_at
ERROR 2026-05-26 23:52:30,370 log 14232 19712 "GET /api/projects/ HTTP/1.1" 500 154584
INFO 2026-05-26 23:52:38,554 log 14232 19712 "GET /chat/ HTTP/1.1" 200 26191
INFO 2026-05-26 23:52:38,581 log 14232 19712 "GET /static/js/api.js HTTP/1.1" 304 0
INFO 2026-05-26 23:52:38,690 log 14232 18532 "GET /api/conversations/conversations HTTP/1.1" 200 52
INFO 2026-05-26 23:52:38,690 log 14232 19712 "GET /api/moderation/queue HTTP/1.1" 200 24
ERROR 2026-05-26 23:52:38,776 log 14232 2708 Internal Server Error: /api/projects/
Traceback (most recent call last):
  File "C:\Ashish Jha\ashish-jha-github\ConversationAI\venv\Lib\site-packages\django\core\handlers\exception.py", line 55, in inner
    response = get_response(request)
               ^^^^^^^^^^^^^^^^^^^^^
  File "C:\Ashish Jha\ashish-jha-github\ConversationAI\venv\Lib\site-packages\django\core\handlers\base.py", line 198, in _get_response
    response = wrapped_callback(request, *callback_args, **callback_kwargs)
               ^^^^^^^^^^^^^^^^^^^^^^^^^^^^^^^^^^^^^^^^^^^^^^^^^^^^^^^^^^^^
  File "C:\Ashish Jha\ashish-jha-github\ConversationAI\venv\Lib\site-packages\django\views\decorators\csrf.py", line 65, in _view_wrapper
    return view_func(request, *args, **kwargs)
           ^^^^^^^^^^^^^^^^^^^^^^^^^^^^^^^^^^^
  File "C:\Ashish Jha\ashish-jha-github\ConversationAI\venv\Lib\site-packages\rest_framework\viewsets.py", line 125, in view
    return self.dispatch(request, *args, **kwargs)
           ^^^^^^^^^^^^^^^^^^^^^^^^^^^^^^^^^^^^^^^
  File "C:\Ashish Jha\ashish-jha-github\ConversationAI\venv\Lib\site-packages\rest_framework\views.py", line 509, in dispatch
    response = self.handle_exception(exc)
               ^^^^^^^^^^^^^^^^^^^^^^^^^^
  File "C:\Ashish Jha\ashish-jha-github\ConversationAI\venv\Lib\site-packages\rest_framework\views.py", line 469, in handle_exception
    self.raise_uncaught_exception(exc)
  File "C:\Ashish Jha\ashish-jha-github\ConversationAI\venv\Lib\site-packages\rest_framework\views.py", line 480, in raise_uncaught_exception
    raise exc
  File "C:\Ashish Jha\ashish-jha-github\ConversationAI\venv\Lib\site-packages\rest_framework\views.py", line 506, in dispatch
    response = handler(request, *args, **kwargs)
               ^^^^^^^^^^^^^^^^^^^^^^^^^^^^^^^^^
  File "C:\Ashish Jha\ashish-jha-github\ConversationAI\venv\Lib\site-packages\rest_framework\mixins.py", line 38, in list
    queryset = self.filter_queryset(self.get_queryset())
                                    ^^^^^^^^^^^^^^^^^^^
  File "C:\Ashish Jha\ashish-jha-github\ConversationAI\AIAssistance\apps\projects\views.py", line 26, in get_queryset
    member = Project.objects.filter(userproject__user=user)
             ^^^^^^^^^^^^^^^^^^^^^^^^^^^^^^^^^^^^^^^^^^^^^^
  File "C:\Ashish Jha\ashish-jha-github\ConversationAI\venv\Lib\site-packages\django\db\models\manager.py", line 87, in manager_method
    return getattr(self.get_queryset(), name)(*args, **kwargs)
           ^^^^^^^^^^^^^^^^^^^^^^^^^^^^^^^^^^^^^^^^^^^^^^^^^^^
  File "C:\Ashish Jha\ashish-jha-github\ConversationAI\venv\Lib\site-packages\django\db\models\query.py", line 1542, in filter
    return self._filter_or_exclude(False, args, kwargs)
           ^^^^^^^^^^^^^^^^^^^^^^^^^^^^^^^^^^^^^^^^^^^^
  File "C:\Ashish Jha\ashish-jha-github\ConversationAI\venv\Lib\site-packages\django\db\models\query.py", line 1560, in _filter_or_exclude
    clone._filter_or_exclude_inplace(negate, args, kwargs)
  File "C:\Ashish Jha\ashish-jha-github\ConversationAI\venv\Lib\site-packages\django\db\models\query.py", line 1570, in _filter_or_exclude_inplace
    self._query.add_q(Q(*args, **kwargs))
  File "C:\Ashish Jha\ashish-jha-github\ConversationAI\venv\Lib\site-packages\django\db\models\sql\query.py", line 1676, in add_q
    clause, _ = self._add_q(q_object, can_reuse)
                ^^^^^^^^^^^^^^^^^^^^^^^^^^^^^^^^
  File "C:\Ashish Jha\ashish-jha-github\ConversationAI\venv\Lib\site-packages\django\db\models\sql\query.py", line 1708, in _add_q
    child_clause, needed_inner = self.build_filter(
                                 ^^^^^^^^^^^^^^^^^^
  File "C:\Ashish Jha\ashish-jha-github\ConversationAI\venv\Lib\site-packages\django\db\models\sql\query.py", line 1556, in build_filter
    lookups, parts, reffed_expression = self.solve_lookup_type(arg, summarize)
                                        ^^^^^^^^^^^^^^^^^^^^^^^^^^^^^^^^^^^^^^
  File "C:\Ashish Jha\ashish-jha-github\ConversationAI\venv\Lib\site-packages\django\db\models\sql\query.py", line 1363, in solve_lookup_type
    _, field, _, lookup_parts = self.names_to_path(lookup_splitted, self.get_meta())
                                ^^^^^^^^^^^^^^^^^^^^^^^^^^^^^^^^^^^^^^^^^^^^^^^^^^^^
  File "C:\Ashish Jha\ashish-jha-github\ConversationAI\venv\Lib\site-packages\django\db\models\sql\query.py", line 1842, in names_to_path
    raise FieldError(
django.core.exceptions.FieldError: Cannot resolve keyword 'userproject' into field. Choices are: conversations, created_at, description, id, is_active, members, name, owner, owner_id, updated_at
ERROR 2026-05-26 23:52:38,780 log 14232 2708 "GET /api/projects/ HTTP/1.1" 500 154579
INFO 2026-05-26 23:53:27,105 log 14232 2708 "GET /my-responses/ HTTP/1.1" 200 15955
INFO 2026-05-26 23:53:27,126 log 14232 2708 "GET /static/js/api.js HTTP/1.1" 304 0
INFO 2026-05-26 23:53:27,146 log 14232 19712 "GET /api/conversations/responses HTTP/1.1" 200 52
INFO 2026-05-26 23:53:27,146 log 14232 2708 "GET /api/moderation/queue HTTP/1.1" 200 24
INFO 2026-05-26 23:53:35,615 log 14232 2708 "GET /chat/ HTTP/1.1" 200 26191
INFO 2026-05-26 23:53:35,666 log 14232 19712 "GET /api/conversations/conversations HTTP/1.1" 200 52
INFO 2026-05-26 23:53:35,666 log 14232 2708 "GET /api/moderation/queue HTTP/1.1" 200 24
ERROR 2026-05-26 23:53:35,734 log 14232 18532 Internal Server Error: /api/projects/
Traceback (most recent call last):
  File "C:\Ashish Jha\ashish-jha-github\ConversationAI\venv\Lib\site-packages\django\core\handlers\exception.py", line 55, in inner
    response = get_response(request)
               ^^^^^^^^^^^^^^^^^^^^^
  File "C:\Ashish Jha\ashish-jha-github\ConversationAI\venv\Lib\site-packages\django\core\handlers\base.py", line 198, in _get_response
    response = wrapped_callback(request, *callback_args, **callback_kwargs)
               ^^^^^^^^^^^^^^^^^^^^^^^^^^^^^^^^^^^^^^^^^^^^^^^^^^^^^^^^^^^^
  File "C:\Ashish Jha\ashish-jha-github\ConversationAI\venv\Lib\site-packages\django\views\decorators\csrf.py", line 65, in _view_wrapper
    return view_func(request, *args, **kwargs)
           ^^^^^^^^^^^^^^^^^^^^^^^^^^^^^^^^^^^
  File "C:\Ashish Jha\ashish-jha-github\ConversationAI\venv\Lib\site-packages\rest_framework\viewsets.py", line 125, in view
    return self.dispatch(request, *args, **kwargs)
           ^^^^^^^^^^^^^^^^^^^^^^^^^^^^^^^^^^^^^^^
  File "C:\Ashish Jha\ashish-jha-github\ConversationAI\venv\Lib\site-packages\rest_framework\views.py", line 509, in dispatch
    response = self.handle_exception(exc)
               ^^^^^^^^^^^^^^^^^^^^^^^^^^
  File "C:\Ashish Jha\ashish-jha-github\ConversationAI\venv\Lib\site-packages\rest_framework\views.py", line 469, in handle_exception
    self.raise_uncaught_exception(exc)
  File "C:\Ashish Jha\ashish-jha-github\ConversationAI\venv\Lib\site-packages\rest_framework\views.py", line 480, in raise_uncaught_exception
    raise exc
  File "C:\Ashish Jha\ashish-jha-github\ConversationAI\venv\Lib\site-packages\rest_framework\views.py", line 506, in dispatch
    response = handler(request, *args, **kwargs)
               ^^^^^^^^^^^^^^^^^^^^^^^^^^^^^^^^^
  File "C:\Ashish Jha\ashish-jha-github\ConversationAI\venv\Lib\site-packages\rest_framework\mixins.py", line 38, in list
    queryset = self.filter_queryset(self.get_queryset())
                                    ^^^^^^^^^^^^^^^^^^^
  File "C:\Ashish Jha\ashish-jha-github\ConversationAI\AIAssistance\apps\projects\views.py", line 26, in get_queryset
    member = Project.objects.filter(userproject__user=user)
             ^^^^^^^^^^^^^^^^^^^^^^^^^^^^^^^^^^^^^^^^^^^^^^
  File "C:\Ashish Jha\ashish-jha-github\ConversationAI\venv\Lib\site-packages\django\db\models\manager.py", line 87, in manager_method
    return getattr(self.get_queryset(), name)(*args, **kwargs)
           ^^^^^^^^^^^^^^^^^^^^^^^^^^^^^^^^^^^^^^^^^^^^^^^^^^^
  File "C:\Ashish Jha\ashish-jha-github\ConversationAI\venv\Lib\site-packages\django\db\models\query.py", line 1542, in filter
    return self._filter_or_exclude(False, args, kwargs)
           ^^^^^^^^^^^^^^^^^^^^^^^^^^^^^^^^^^^^^^^^^^^^
  File "C:\Ashish Jha\ashish-jha-github\ConversationAI\venv\Lib\site-packages\django\db\models\query.py", line 1560, in _filter_or_exclude
    clone._filter_or_exclude_inplace(negate, args, kwargs)
  File "C:\Ashish Jha\ashish-jha-github\ConversationAI\venv\Lib\site-packages\django\db\models\query.py", line 1570, in _filter_or_exclude_inplace
    self._query.add_q(Q(*args, **kwargs))
  File "C:\Ashish Jha\ashish-jha-github\ConversationAI\venv\Lib\site-packages\django\db\models\sql\query.py", line 1676, in add_q
    clause, _ = self._add_q(q_object, can_reuse)
                ^^^^^^^^^^^^^^^^^^^^^^^^^^^^^^^^
  File "C:\Ashish Jha\ashish-jha-github\ConversationAI\venv\Lib\site-packages\django\db\models\sql\query.py", line 1708, in _add_q
    child_clause, needed_inner = self.build_filter(
                                 ^^^^^^^^^^^^^^^^^^
  File "C:\Ashish Jha\ashish-jha-github\ConversationAI\venv\Lib\site-packages\django\db\models\sql\query.py", line 1556, in build_filter
    lookups, parts, reffed_expression = self.solve_lookup_type(arg, summarize)
                                        ^^^^^^^^^^^^^^^^^^^^^^^^^^^^^^^^^^^^^^
  File "C:\Ashish Jha\ashish-jha-github\ConversationAI\venv\Lib\site-packages\django\db\models\sql\query.py", line 1363, in solve_lookup_type
    _, field, _, lookup_parts = self.names_to_path(lookup_splitted, self.get_meta())
                                ^^^^^^^^^^^^^^^^^^^^^^^^^^^^^^^^^^^^^^^^^^^^^^^^^^^^
  File "C:\Ashish Jha\ashish-jha-github\ConversationAI\venv\Lib\site-packages\django\db\models\sql\query.py", line 1842, in names_to_path
    raise FieldError(
django.core.exceptions.FieldError: Cannot resolve keyword 'userproject' into field. Choices are: conversations, created_at, description, id, is_active, members, name, owner, owner_id, updated_at
ERROR 2026-05-26 23:53:35,734 log 14232 18532 "GET /api/projects/ HTTP/1.1" 500 154579
INFO 2026-05-26 23:53:38,319 log 14232 18532 "GET /projects/ HTTP/1.1" 200 17788
INFO 2026-05-26 23:53:38,366 log 14232 18532 "GET /api/moderation/queue HTTP/1.1" 200 24
ERROR 2026-05-26 23:53:38,429 log 14232 2708 Internal Server Error: /api/projects/
Traceback (most recent call last):
  File "C:\Ashish Jha\ashish-jha-github\ConversationAI\venv\Lib\site-packages\django\core\handlers\exception.py", line 55, in inner
    response = get_response(request)
               ^^^^^^^^^^^^^^^^^^^^^
  File "C:\Ashish Jha\ashish-jha-github\ConversationAI\venv\Lib\site-packages\django\core\handlers\base.py", line 198, in _get_response
    response = wrapped_callback(request, *callback_args, **callback_kwargs)
               ^^^^^^^^^^^^^^^^^^^^^^^^^^^^^^^^^^^^^^^^^^^^^^^^^^^^^^^^^^^^
  File "C:\Ashish Jha\ashish-jha-github\ConversationAI\venv\Lib\site-packages\django\views\decorators\csrf.py", line 65, in _view_wrapper
    return view_func(request, *args, **kwargs)
           ^^^^^^^^^^^^^^^^^^^^^^^^^^^^^^^^^^^
  File "C:\Ashish Jha\ashish-jha-github\ConversationAI\venv\Lib\site-packages\rest_framework\viewsets.py", line 125, in view
    return self.dispatch(request, *args, **kwargs)
           ^^^^^^^^^^^^^^^^^^^^^^^^^^^^^^^^^^^^^^^
  File "C:\Ashish Jha\ashish-jha-github\ConversationAI\venv\Lib\site-packages\rest_framework\views.py", line 509, in dispatch
    response = self.handle_exception(exc)
               ^^^^^^^^^^^^^^^^^^^^^^^^^^
  File "C:\Ashish Jha\ashish-jha-github\ConversationAI\venv\Lib\site-packages\rest_framework\views.py", line 469, in handle_exception
    self.raise_uncaught_exception(exc)
  File "C:\Ashish Jha\ashish-jha-github\ConversationAI\venv\Lib\site-packages\rest_framework\views.py", line 480, in raise_uncaught_exception
    raise exc
  File "C:\Ashish Jha\ashish-jha-github\ConversationAI\venv\Lib\site-packages\rest_framework\views.py", line 506, in dispatch
    response = handler(request, *args, **kwargs)
               ^^^^^^^^^^^^^^^^^^^^^^^^^^^^^^^^^
  File "C:\Ashish Jha\ashish-jha-github\ConversationAI\venv\Lib\site-packages\rest_framework\mixins.py", line 38, in list
    queryset = self.filter_queryset(self.get_queryset())
                                    ^^^^^^^^^^^^^^^^^^^
  File "C:\Ashish Jha\ashish-jha-github\ConversationAI\AIAssistance\apps\projects\views.py", line 26, in get_queryset
    member = Project.objects.filter(userproject__user=user)
             ^^^^^^^^^^^^^^^^^^^^^^^^^^^^^^^^^^^^^^^^^^^^^^
  File "C:\Ashish Jha\ashish-jha-github\ConversationAI\venv\Lib\site-packages\django\db\models\manager.py", line 87, in manager_method
    return getattr(self.get_queryset(), name)(*args, **kwargs)
           ^^^^^^^^^^^^^^^^^^^^^^^^^^^^^^^^^^^^^^^^^^^^^^^^^^^
  File "C:\Ashish Jha\ashish-jha-github\ConversationAI\venv\Lib\site-packages\django\db\models\query.py", line 1542, in filter
    return self._filter_or_exclude(False, args, kwargs)
           ^^^^^^^^^^^^^^^^^^^^^^^^^^^^^^^^^^^^^^^^^^^^
  File "C:\Ashish Jha\ashish-jha-github\ConversationAI\venv\Lib\site-packages\django\db\models\query.py", line 1560, in _filter_or_exclude
    clone._filter_or_exclude_inplace(negate, args, kwargs)
  File "C:\Ashish Jha\ashish-jha-github\ConversationAI\venv\Lib\site-packages\django\db\models\query.py", line 1570, in _filter_or_exclude_inplace
    self._query.add_q(Q(*args, **kwargs))
  File "C:\Ashish Jha\ashish-jha-github\ConversationAI\venv\Lib\site-packages\django\db\models\sql\query.py", line 1676, in add_q
    clause, _ = self._add_q(q_object, can_reuse)
                ^^^^^^^^^^^^^^^^^^^^^^^^^^^^^^^^
  File "C:\Ashish Jha\ashish-jha-github\ConversationAI\venv\Lib\site-packages\django\db\models\sql\query.py", line 1708, in _add_q
    child_clause, needed_inner = self.build_filter(
                                 ^^^^^^^^^^^^^^^^^^
  File "C:\Ashish Jha\ashish-jha-github\ConversationAI\venv\Lib\site-packages\django\db\models\sql\query.py", line 1556, in build_filter
    lookups, parts, reffed_expression = self.solve_lookup_type(arg, summarize)
                                        ^^^^^^^^^^^^^^^^^^^^^^^^^^^^^^^^^^^^^^
  File "C:\Ashish Jha\ashish-jha-github\ConversationAI\venv\Lib\site-packages\django\db\models\sql\query.py", line 1363, in solve_lookup_type
    _, field, _, lookup_parts = self.names_to_path(lookup_splitted, self.get_meta())
                                ^^^^^^^^^^^^^^^^^^^^^^^^^^^^^^^^^^^^^^^^^^^^^^^^^^^^
  File "C:\Ashish Jha\ashish-jha-github\ConversationAI\venv\Lib\site-packages\django\db\models\sql\query.py", line 1842, in names_to_path
    raise FieldError(
django.core.exceptions.FieldError: Cannot resolve keyword 'userproject' into field. Choices are: conversations, created_at, description, id, is_active, members, name, owner, owner_id, updated_at
ERROR 2026-05-26 23:53:38,445 log 14232 2708 "GET /api/projects/ HTTP/1.1" 500 154583
INFO 2026-05-26 23:53:44,251 log 14232 2708 "GET /projects/ HTTP/1.1" 200 17788
INFO 2026-05-26 23:53:44,257 log 14232 18532 "GET /projects/ HTTP/1.1" 200 17788
INFO 2026-05-26 23:53:44,313 log 14232 18532 "GET /api/moderation/queue HTTP/1.1" 200 24
ERROR 2026-05-26 23:53:44,388 log 14232 19712 Internal Server Error: /api/projects/
Traceback (most recent call last):
  File "C:\Ashish Jha\ashish-jha-github\ConversationAI\venv\Lib\site-packages\django\core\handlers\exception.py", line 55, in inner
    response = get_response(request)
               ^^^^^^^^^^^^^^^^^^^^^
  File "C:\Ashish Jha\ashish-jha-github\ConversationAI\venv\Lib\site-packages\django\core\handlers\base.py", line 198, in _get_response
    response = wrapped_callback(request, *callback_args, **callback_kwargs)
               ^^^^^^^^^^^^^^^^^^^^^^^^^^^^^^^^^^^^^^^^^^^^^^^^^^^^^^^^^^^^
  File "C:\Ashish Jha\ashish-jha-github\ConversationAI\venv\Lib\site-packages\django\views\decorators\csrf.py", line 65, in _view_wrapper
    return view_func(request, *args, **kwargs)
           ^^^^^^^^^^^^^^^^^^^^^^^^^^^^^^^^^^^
  File "C:\Ashish Jha\ashish-jha-github\ConversationAI\venv\Lib\site-packages\rest_framework\viewsets.py", line 125, in view
    return self.dispatch(request, *args, **kwargs)
           ^^^^^^^^^^^^^^^^^^^^^^^^^^^^^^^^^^^^^^^
  File "C:\Ashish Jha\ashish-jha-github\ConversationAI\venv\Lib\site-packages\rest_framework\views.py", line 509, in dispatch
    response = self.handle_exception(exc)
               ^^^^^^^^^^^^^^^^^^^^^^^^^^
  File "C:\Ashish Jha\ashish-jha-github\ConversationAI\venv\Lib\site-packages\rest_framework\views.py", line 469, in handle_exception
    self.raise_uncaught_exception(exc)
  File "C:\Ashish Jha\ashish-jha-github\ConversationAI\venv\Lib\site-packages\rest_framework\views.py", line 480, in raise_uncaught_exception
    raise exc
  File "C:\Ashish Jha\ashish-jha-github\ConversationAI\venv\Lib\site-packages\rest_framework\views.py", line 506, in dispatch
    response = handler(request, *args, **kwargs)
               ^^^^^^^^^^^^^^^^^^^^^^^^^^^^^^^^^
  File "C:\Ashish Jha\ashish-jha-github\ConversationAI\venv\Lib\site-packages\rest_framework\mixins.py", line 38, in list
    queryset = self.filter_queryset(self.get_queryset())
                                    ^^^^^^^^^^^^^^^^^^^
  File "C:\Ashish Jha\ashish-jha-github\ConversationAI\AIAssistance\apps\projects\views.py", line 26, in get_queryset
    member = Project.objects.filter(userproject__user=user)
             ^^^^^^^^^^^^^^^^^^^^^^^^^^^^^^^^^^^^^^^^^^^^^^
  File "C:\Ashish Jha\ashish-jha-github\ConversationAI\venv\Lib\site-packages\django\db\models\manager.py", line 87, in manager_method
    return getattr(self.get_queryset(), name)(*args, **kwargs)
           ^^^^^^^^^^^^^^^^^^^^^^^^^^^^^^^^^^^^^^^^^^^^^^^^^^^
  File "C:\Ashish Jha\ashish-jha-github\ConversationAI\venv\Lib\site-packages\django\db\models\query.py", line 1542, in filter
    return self._filter_or_exclude(False, args, kwargs)
           ^^^^^^^^^^^^^^^^^^^^^^^^^^^^^^^^^^^^^^^^^^^^
  File "C:\Ashish Jha\ashish-jha-github\ConversationAI\venv\Lib\site-packages\django\db\models\query.py", line 1560, in _filter_or_exclude
    clone._filter_or_exclude_inplace(negate, args, kwargs)
  File "C:\Ashish Jha\ashish-jha-github\ConversationAI\venv\Lib\site-packages\django\db\models\query.py", line 1570, in _filter_or_exclude_inplace
    self._query.add_q(Q(*args, **kwargs))
  File "C:\Ashish Jha\ashish-jha-github\ConversationAI\venv\Lib\site-packages\django\db\models\sql\query.py", line 1676, in add_q
    clause, _ = self._add_q(q_object, can_reuse)
                ^^^^^^^^^^^^^^^^^^^^^^^^^^^^^^^^
  File "C:\Ashish Jha\ashish-jha-github\ConversationAI\venv\Lib\site-packages\django\db\models\sql\query.py", line 1708, in _add_q
    child_clause, needed_inner = self.build_filter(
                                 ^^^^^^^^^^^^^^^^^^
  File "C:\Ashish Jha\ashish-jha-github\ConversationAI\venv\Lib\site-packages\django\db\models\sql\query.py", line 1556, in build_filter
    lookups, parts, reffed_expression = self.solve_lookup_type(arg, summarize)
                                        ^^^^^^^^^^^^^^^^^^^^^^^^^^^^^^^^^^^^^^
  File "C:\Ashish Jha\ashish-jha-github\ConversationAI\venv\Lib\site-packages\django\db\models\sql\query.py", line 1363, in solve_lookup_type
    _, field, _, lookup_parts = self.names_to_path(lookup_splitted, self.get_meta())
                                ^^^^^^^^^^^^^^^^^^^^^^^^^^^^^^^^^^^^^^^^^^^^^^^^^^^^
  File "C:\Ashish Jha\ashish-jha-github\ConversationAI\venv\Lib\site-packages\django\db\models\sql\query.py", line 1842, in names_to_path
    raise FieldError(
django.core.exceptions.FieldError: Cannot resolve keyword 'userproject' into field. Choices are: conversations, created_at, description, id, is_active, members, name, owner, owner_id, updated_at
ERROR 2026-05-26 23:53:44,394 log 14232 19712 "GET /api/projects/ HTTP/1.1" 500 154583
INFO 2026-05-27 19:36:49,091 autoreload 1768 3864 Watching for file changes with StatReloader
INFO 2026-05-27 19:45:50,095 autoreload 1768 3864 C:\Ashish Jha\ashish-jha-github\ConversationAI\AIAssistance\apps\frontend\views.py changed, reloading.
INFO 2026-05-27 19:45:51,188 autoreload 8976 17368 Watching for file changes with StatReloader
INFO 2026-05-27 19:45:58,546 autoreload 8976 17368 C:\Ashish Jha\ashish-jha-github\ConversationAI\AIAssistance\apps\frontend\urls.py changed, reloading.
INFO 2026-05-27 19:45:59,568 autoreload 2164 9168 Watching for file changes with StatReloader
ERROR 2026-05-27 19:50:27,510 log 2164 13324 Internal Server Error: /
Traceback (most recent call last):
  File "C:\Ashish Jha\ashish-jha-github\ConversationAI\venv\Lib\site-packages\django\core\handlers\exception.py", line 55, in inner
    response = get_response(request)
               ^^^^^^^^^^^^^^^^^^^^^
  File "C:\Ashish Jha\ashish-jha-github\ConversationAI\venv\Lib\site-packages\django\core\handlers\base.py", line 198, in _get_response
    response = wrapped_callback(request, *callback_args, **callback_kwargs)
               ^^^^^^^^^^^^^^^^^^^^^^^^^^^^^^^^^^^^^^^^^^^^^^^^^^^^^^^^^^^^
  File "C:\Ashish Jha\ashish-jha-github\ConversationAI\venv\Lib\site-packages\django\views\decorators\http.py", line 64, in inner
    return func(request, *args, **kwargs)
           ^^^^^^^^^^^^^^^^^^^^^^^^^^^^^^
  File "C:\Ashish Jha\ashish-jha-github\ConversationAI\AIAssistance\apps\frontend\views.py", line 58, in login_view
    return render(request, 'auth/login.html')
           ^^^^^^^^^^^^^^^^^^^^^^^^^^^^^^^^^^
  File "C:\Ashish Jha\ashish-jha-github\ConversationAI\venv\Lib\site-packages\django\shortcuts.py", line 25, in render
    content = loader.render_to_string(template_name, context, request, using=using)
              ^^^^^^^^^^^^^^^^^^^^^^^^^^^^^^^^^^^^^^^^^^^^^^^^^^^^^^^^^^^^^^^^^^^^^
  File "C:\Ashish Jha\ashish-jha-github\ConversationAI\venv\Lib\site-packages\django\template\loader.py", line 61, in render_to_string
    template = get_template(template_name, using=using)
               ^^^^^^^^^^^^^^^^^^^^^^^^^^^^^^^^^^^^^^^^
  File "C:\Ashish Jha\ashish-jha-github\ConversationAI\venv\Lib\site-packages\django\template\loader.py", line 15, in get_template
    return engine.get_template(template_name)
           ^^^^^^^^^^^^^^^^^^^^^^^^^^^^^^^^^^
  File "C:\Ashish Jha\ashish-jha-github\ConversationAI\venv\Lib\site-packages\django\template\backends\django.py", line 79, in get_template
    return Template(self.engine.get_template(template_name), self)
                    ^^^^^^^^^^^^^^^^^^^^^^^^^^^^^^^^^^^^^^^
  File "C:\Ashish Jha\ashish-jha-github\ConversationAI\venv\Lib\site-packages\django\template\engine.py", line 186, in get_template
    template, origin = self.find_template(template_name)
                       ^^^^^^^^^^^^^^^^^^^^^^^^^^^^^^^^^
  File "C:\Ashish Jha\ashish-jha-github\ConversationAI\venv\Lib\site-packages\django\template\engine.py", line 159, in find_template
    template = loader.get_template(name, skip=skip)
               ^^^^^^^^^^^^^^^^^^^^^^^^^^^^^^^^^^^^
  File "C:\Ashish Jha\ashish-jha-github\ConversationAI\venv\Lib\site-packages\django\template\loaders\cached.py", line 57, in get_template
    template = super().get_template(template_name, skip)
               ^^^^^^^^^^^^^^^^^^^^^^^^^^^^^^^^^^^^^^^^^
  File "C:\Ashish Jha\ashish-jha-github\ConversationAI\venv\Lib\site-packages\django\template\loaders\base.py", line 28, in get_template
    return Template(
           ^^^^^^^^^
  File "C:\Ashish Jha\ashish-jha-github\ConversationAI\venv\Lib\site-packages\django\template\base.py", line 157, in __init__
    self.nodelist = self.compile_nodelist()
                    ^^^^^^^^^^^^^^^^^^^^^^^
  File "C:\Ashish Jha\ashish-jha-github\ConversationAI\venv\Lib\site-packages\django\template\base.py", line 199, in compile_nodelist
    nodelist = parser.parse()
               ^^^^^^^^^^^^^^
  File "C:\Ashish Jha\ashish-jha-github\ConversationAI\venv\Lib\site-packages\django\template\base.py", line 586, in parse
    self.extend_nodelist(nodelist, compiled_result, token)
  File "C:\Ashish Jha\ashish-jha-github\ConversationAI\venv\Lib\site-packages\django\template\base.py", line 607, in extend_nodelist
    raise self.error(
django.template.exceptions.TemplateSyntaxError: Template: C:\Ashish Jha\ashish-jha-github\ConversationAI\AIAssistance\templates\auth\login.html, {% extends 'base.html' %} must be the first tag in 'auth/login.html'.
ERROR 2026-05-27 19:50:27,518 log 2164 13324 "GET / HTTP/1.1" 500 151642
WARNING 2026-05-27 19:50:27,690 log 2164 13324 Not Found: /favicon.ico
WARNING 2026-05-27 19:50:27,690 log 2164 13324 "GET /favicon.ico HTTP/1.1" 404 8045
ERROR 2026-05-27 19:50:37,299 log 2164 13324 Internal Server Error: /
Traceback (most recent call last):
  File "C:\Ashish Jha\ashish-jha-github\ConversationAI\venv\Lib\site-packages\django\core\handlers\exception.py", line 55, in inner
    response = get_response(request)
               ^^^^^^^^^^^^^^^^^^^^^
  File "C:\Ashish Jha\ashish-jha-github\ConversationAI\venv\Lib\site-packages\django\core\handlers\base.py", line 198, in _get_response
    response = wrapped_callback(request, *callback_args, **callback_kwargs)
               ^^^^^^^^^^^^^^^^^^^^^^^^^^^^^^^^^^^^^^^^^^^^^^^^^^^^^^^^^^^^
  File "C:\Ashish Jha\ashish-jha-github\ConversationAI\venv\Lib\site-packages\django\views\decorators\http.py", line 64, in inner
    return func(request, *args, **kwargs)
           ^^^^^^^^^^^^^^^^^^^^^^^^^^^^^^
  File "C:\Ashish Jha\ashish-jha-github\ConversationAI\AIAssistance\apps\frontend\views.py", line 58, in login_view
    return render(request, 'auth/login.html')
           ^^^^^^^^^^^^^^^^^^^^^^^^^^^^^^^^^^
  File "C:\Ashish Jha\ashish-jha-github\ConversationAI\venv\Lib\site-packages\django\shortcuts.py", line 25, in render
    content = loader.render_to_string(template_name, context, request, using=using)
              ^^^^^^^^^^^^^^^^^^^^^^^^^^^^^^^^^^^^^^^^^^^^^^^^^^^^^^^^^^^^^^^^^^^^^
  File "C:\Ashish Jha\ashish-jha-github\ConversationAI\venv\Lib\site-packages\django\template\loader.py", line 61, in render_to_string
    template = get_template(template_name, using=using)
               ^^^^^^^^^^^^^^^^^^^^^^^^^^^^^^^^^^^^^^^^
  File "C:\Ashish Jha\ashish-jha-github\ConversationAI\venv\Lib\site-packages\django\template\loader.py", line 15, in get_template
    return engine.get_template(template_name)
           ^^^^^^^^^^^^^^^^^^^^^^^^^^^^^^^^^^
  File "C:\Ashish Jha\ashish-jha-github\ConversationAI\venv\Lib\site-packages\django\template\backends\django.py", line 79, in get_template
    return Template(self.engine.get_template(template_name), self)
                    ^^^^^^^^^^^^^^^^^^^^^^^^^^^^^^^^^^^^^^^
  File "C:\Ashish Jha\ashish-jha-github\ConversationAI\venv\Lib\site-packages\django\template\engine.py", line 186, in get_template
    template, origin = self.find_template(template_name)
                       ^^^^^^^^^^^^^^^^^^^^^^^^^^^^^^^^^
  File "C:\Ashish Jha\ashish-jha-github\ConversationAI\venv\Lib\site-packages\django\template\engine.py", line 159, in find_template
    template = loader.get_template(name, skip=skip)
               ^^^^^^^^^^^^^^^^^^^^^^^^^^^^^^^^^^^^
  File "C:\Ashish Jha\ashish-jha-github\ConversationAI\venv\Lib\site-packages\django\template\loaders\cached.py", line 57, in get_template
    template = super().get_template(template_name, skip)
               ^^^^^^^^^^^^^^^^^^^^^^^^^^^^^^^^^^^^^^^^^
  File "C:\Ashish Jha\ashish-jha-github\ConversationAI\venv\Lib\site-packages\django\template\loaders\base.py", line 28, in get_template
    return Template(
           ^^^^^^^^^
  File "C:\Ashish Jha\ashish-jha-github\ConversationAI\venv\Lib\site-packages\django\template\base.py", line 157, in __init__
    self.nodelist = self.compile_nodelist()
                    ^^^^^^^^^^^^^^^^^^^^^^^
  File "C:\Ashish Jha\ashish-jha-github\ConversationAI\venv\Lib\site-packages\django\template\base.py", line 199, in compile_nodelist
    nodelist = parser.parse()
               ^^^^^^^^^^^^^^
  File "C:\Ashish Jha\ashish-jha-github\ConversationAI\venv\Lib\site-packages\django\template\base.py", line 586, in parse
    self.extend_nodelist(nodelist, compiled_result, token)
  File "C:\Ashish Jha\ashish-jha-github\ConversationAI\venv\Lib\site-packages\django\template\base.py", line 607, in extend_nodelist
    raise self.error(
django.template.exceptions.TemplateSyntaxError: Template: C:\Ashish Jha\ashish-jha-github\ConversationAI\AIAssistance\templates\auth\login.html, {% extends 'base.html' %} must be the first tag in 'auth/login.html'.
ERROR 2026-05-27 19:50:37,299 log 2164 13324 "GET / HTTP/1.1" 500 151642
ERROR 2026-05-27 19:50:50,298 log 2164 13324 Internal Server Error: /
Traceback (most recent call last):
  File "C:\Ashish Jha\ashish-jha-github\ConversationAI\venv\Lib\site-packages\django\core\handlers\exception.py", line 55, in inner
    response = get_response(request)
               ^^^^^^^^^^^^^^^^^^^^^
  File "C:\Ashish Jha\ashish-jha-github\ConversationAI\venv\Lib\site-packages\django\core\handlers\base.py", line 198, in _get_response
    response = wrapped_callback(request, *callback_args, **callback_kwargs)
               ^^^^^^^^^^^^^^^^^^^^^^^^^^^^^^^^^^^^^^^^^^^^^^^^^^^^^^^^^^^^
  File "C:\Ashish Jha\ashish-jha-github\ConversationAI\venv\Lib\site-packages\django\views\decorators\http.py", line 64, in inner
    return func(request, *args, **kwargs)
           ^^^^^^^^^^^^^^^^^^^^^^^^^^^^^^
  File "C:\Ashish Jha\ashish-jha-github\ConversationAI\AIAssistance\apps\frontend\views.py", line 58, in login_view
    return render(request, 'auth/login.html')
           ^^^^^^^^^^^^^^^^^^^^^^^^^^^^^^^^^^
  File "C:\Ashish Jha\ashish-jha-github\ConversationAI\venv\Lib\site-packages\django\shortcuts.py", line 25, in render
    content = loader.render_to_string(template_name, context, request, using=using)
              ^^^^^^^^^^^^^^^^^^^^^^^^^^^^^^^^^^^^^^^^^^^^^^^^^^^^^^^^^^^^^^^^^^^^^
  File "C:\Ashish Jha\ashish-jha-github\ConversationAI\venv\Lib\site-packages\django\template\loader.py", line 61, in render_to_string
    template = get_template(template_name, using=using)
               ^^^^^^^^^^^^^^^^^^^^^^^^^^^^^^^^^^^^^^^^
  File "C:\Ashish Jha\ashish-jha-github\ConversationAI\venv\Lib\site-packages\django\template\loader.py", line 15, in get_template
    return engine.get_template(template_name)
           ^^^^^^^^^^^^^^^^^^^^^^^^^^^^^^^^^^
  File "C:\Ashish Jha\ashish-jha-github\ConversationAI\venv\Lib\site-packages\django\template\backends\django.py", line 79, in get_template
    return Template(self.engine.get_template(template_name), self)
                    ^^^^^^^^^^^^^^^^^^^^^^^^^^^^^^^^^^^^^^^
  File "C:\Ashish Jha\ashish-jha-github\ConversationAI\venv\Lib\site-packages\django\template\engine.py", line 186, in get_template
    template, origin = self.find_template(template_name)
                       ^^^^^^^^^^^^^^^^^^^^^^^^^^^^^^^^^
  File "C:\Ashish Jha\ashish-jha-github\ConversationAI\venv\Lib\site-packages\django\template\engine.py", line 159, in find_template
    template = loader.get_template(name, skip=skip)
               ^^^^^^^^^^^^^^^^^^^^^^^^^^^^^^^^^^^^
  File "C:\Ashish Jha\ashish-jha-github\ConversationAI\venv\Lib\site-packages\django\template\loaders\cached.py", line 57, in get_template
    template = super().get_template(template_name, skip)
               ^^^^^^^^^^^^^^^^^^^^^^^^^^^^^^^^^^^^^^^^^
  File "C:\Ashish Jha\ashish-jha-github\ConversationAI\venv\Lib\site-packages\django\template\loaders\base.py", line 28, in get_template
    return Template(
           ^^^^^^^^^
  File "C:\Ashish Jha\ashish-jha-github\ConversationAI\venv\Lib\site-packages\django\template\base.py", line 157, in __init__
    self.nodelist = self.compile_nodelist()
                    ^^^^^^^^^^^^^^^^^^^^^^^
  File "C:\Ashish Jha\ashish-jha-github\ConversationAI\venv\Lib\site-packages\django\template\base.py", line 199, in compile_nodelist
    nodelist = parser.parse()
               ^^^^^^^^^^^^^^
  File "C:\Ashish Jha\ashish-jha-github\ConversationAI\venv\Lib\site-packages\django\template\base.py", line 586, in parse
    self.extend_nodelist(nodelist, compiled_result, token)
  File "C:\Ashish Jha\ashish-jha-github\ConversationAI\venv\Lib\site-packages\django\template\base.py", line 607, in extend_nodelist
    raise self.error(
django.template.exceptions.TemplateSyntaxError: Template: C:\Ashish Jha\ashish-jha-github\ConversationAI\AIAssistance\templates\auth\login.html, {% extends 'base.html' %} must be the first tag in 'auth/login.html'.
ERROR 2026-05-27 19:50:50,303 log 2164 13324 "GET / HTTP/1.1" 500 151642
INFO 2026-05-27 19:59:19,386 autoreload 1020 21732 Watching for file changes with StatReloader
INFO 2026-05-28 16:59:18,849 autoreload 9688 1264 Watching for file changes with StatReloader
ERROR 2026-05-28 16:59:45,204 log 9688 1780 Internal Server Error: /
Traceback (most recent call last):
  File "C:\Ashish Jha\ashish-jha-github\ConversationAI\venv\Lib\site-packages\django\core\handlers\exception.py", line 55, in inner
    response = get_response(request)
               ^^^^^^^^^^^^^^^^^^^^^
  File "C:\Ashish Jha\ashish-jha-github\ConversationAI\venv\Lib\site-packages\django\core\handlers\base.py", line 198, in _get_response
    response = wrapped_callback(request, *callback_args, **callback_kwargs)
               ^^^^^^^^^^^^^^^^^^^^^^^^^^^^^^^^^^^^^^^^^^^^^^^^^^^^^^^^^^^^
  File "C:\Ashish Jha\ashish-jha-github\ConversationAI\venv\Lib\site-packages\django\views\decorators\http.py", line 64, in inner
    return func(request, *args, **kwargs)
           ^^^^^^^^^^^^^^^^^^^^^^^^^^^^^^
  File "C:\Ashish Jha\ashish-jha-github\ConversationAI\AIAssistance\apps\frontend\views.py", line 58, in login_view
    return render(request, 'auth/login.html')
           ^^^^^^^^^^^^^^^^^^^^^^^^^^^^^^^^^^
  File "C:\Ashish Jha\ashish-jha-github\ConversationAI\venv\Lib\site-packages\django\shortcuts.py", line 25, in render
    content = loader.render_to_string(template_name, context, request, using=using)
              ^^^^^^^^^^^^^^^^^^^^^^^^^^^^^^^^^^^^^^^^^^^^^^^^^^^^^^^^^^^^^^^^^^^^^
  File "C:\Ashish Jha\ashish-jha-github\ConversationAI\venv\Lib\site-packages\django\template\loader.py", line 61, in render_to_string
    template = get_template(template_name, using=using)
               ^^^^^^^^^^^^^^^^^^^^^^^^^^^^^^^^^^^^^^^^
  File "C:\Ashish Jha\ashish-jha-github\ConversationAI\venv\Lib\site-packages\django\template\loader.py", line 15, in get_template
    return engine.get_template(template_name)
           ^^^^^^^^^^^^^^^^^^^^^^^^^^^^^^^^^^
  File "C:\Ashish Jha\ashish-jha-github\ConversationAI\venv\Lib\site-packages\django\template\backends\django.py", line 79, in get_template
    return Template(self.engine.get_template(template_name), self)
                    ^^^^^^^^^^^^^^^^^^^^^^^^^^^^^^^^^^^^^^^
  File "C:\Ashish Jha\ashish-jha-github\ConversationAI\venv\Lib\site-packages\django\template\engine.py", line 186, in get_template
    template, origin = self.find_template(template_name)
                       ^^^^^^^^^^^^^^^^^^^^^^^^^^^^^^^^^
  File "C:\Ashish Jha\ashish-jha-github\ConversationAI\venv\Lib\site-packages\django\template\engine.py", line 159, in find_template
    template = loader.get_template(name, skip=skip)
               ^^^^^^^^^^^^^^^^^^^^^^^^^^^^^^^^^^^^
  File "C:\Ashish Jha\ashish-jha-github\ConversationAI\venv\Lib\site-packages\django\template\loaders\cached.py", line 57, in get_template
    template = super().get_template(template_name, skip)
               ^^^^^^^^^^^^^^^^^^^^^^^^^^^^^^^^^^^^^^^^^
  File "C:\Ashish Jha\ashish-jha-github\ConversationAI\venv\Lib\site-packages\django\template\loaders\base.py", line 28, in get_template
    return Template(
           ^^^^^^^^^
  File "C:\Ashish Jha\ashish-jha-github\ConversationAI\venv\Lib\site-packages\django\template\base.py", line 157, in __init__
    self.nodelist = self.compile_nodelist()
                    ^^^^^^^^^^^^^^^^^^^^^^^
  File "C:\Ashish Jha\ashish-jha-github\ConversationAI\venv\Lib\site-packages\django\template\base.py", line 199, in compile_nodelist
    nodelist = parser.parse()
               ^^^^^^^^^^^^^^
  File "C:\Ashish Jha\ashish-jha-github\ConversationAI\venv\Lib\site-packages\django\template\base.py", line 586, in parse
    self.extend_nodelist(nodelist, compiled_result, token)
  File "C:\Ashish Jha\ashish-jha-github\ConversationAI\venv\Lib\site-packages\django\template\base.py", line 607, in extend_nodelist
    raise self.error(
django.template.exceptions.TemplateSyntaxError: Template: C:\Ashish Jha\ashish-jha-github\ConversationAI\AIAssistance\templates\auth\login.html, {% extends 'base.html' %} must be the first tag in 'auth/login.html'.
ERROR 2026-05-28 16:59:45,219 log 9688 1780 "GET / HTTP/1.1" 500 154357
WARNING 2026-05-28 16:59:45,527 log 9688 1780 Not Found: /favicon.ico
WARNING 2026-05-28 16:59:45,527 log 9688 1780 "GET /favicon.ico HTTP/1.1" 404 8045
ERROR 2026-05-28 17:02:28,832 log 9688 1780 Internal Server Error: /
Traceback (most recent call last):
  File "C:\Ashish Jha\ashish-jha-github\ConversationAI\venv\Lib\site-packages\django\core\handlers\exception.py", line 55, in inner
    response = get_response(request)
               ^^^^^^^^^^^^^^^^^^^^^
  File "C:\Ashish Jha\ashish-jha-github\ConversationAI\venv\Lib\site-packages\django\core\handlers\base.py", line 198, in _get_response
    response = wrapped_callback(request, *callback_args, **callback_kwargs)
               ^^^^^^^^^^^^^^^^^^^^^^^^^^^^^^^^^^^^^^^^^^^^^^^^^^^^^^^^^^^^
  File "C:\Ashish Jha\ashish-jha-github\ConversationAI\venv\Lib\site-packages\django\views\decorators\http.py", line 64, in inner
    return func(request, *args, **kwargs)
           ^^^^^^^^^^^^^^^^^^^^^^^^^^^^^^
  File "C:\Ashish Jha\ashish-jha-github\ConversationAI\AIAssistance\apps\frontend\views.py", line 58, in login_view
    return render(request, 'auth/login.html')
           ^^^^^^^^^^^^^^^^^^^^^^^^^^^^^^^^^^
  File "C:\Ashish Jha\ashish-jha-github\ConversationAI\venv\Lib\site-packages\django\shortcuts.py", line 25, in render
    content = loader.render_to_string(template_name, context, request, using=using)
              ^^^^^^^^^^^^^^^^^^^^^^^^^^^^^^^^^^^^^^^^^^^^^^^^^^^^^^^^^^^^^^^^^^^^^
  File "C:\Ashish Jha\ashish-jha-github\ConversationAI\venv\Lib\site-packages\django\template\loader.py", line 62, in render_to_string
    return template.render(context, request)
           ^^^^^^^^^^^^^^^^^^^^^^^^^^^^^^^^^
  File "C:\Ashish Jha\ashish-jha-github\ConversationAI\venv\Lib\site-packages\django\template\backends\django.py", line 107, in render
    return self.template.render(context)
           ^^^^^^^^^^^^^^^^^^^^^^^^^^^^^
  File "C:\Ashish Jha\ashish-jha-github\ConversationAI\venv\Lib\site-packages\django\template\base.py", line 174, in render
    return self._render(context)
           ^^^^^^^^^^^^^^^^^^^^^
  File "C:\Ashish Jha\ashish-jha-github\ConversationAI\venv\Lib\site-packages\django\template\base.py", line 166, in _render
    return self.nodelist.render(context)
           ^^^^^^^^^^^^^^^^^^^^^^^^^^^^^
  File "C:\Ashish Jha\ashish-jha-github\ConversationAI\venv\Lib\site-packages\django\template\base.py", line 1091, in render
    return SafeString("".join([node.render_annotated(context) for node in self]))
                               ^^^^^^^^^^^^^^^^^^^^^^^^^^^^^^
  File "C:\Ashish Jha\ashish-jha-github\ConversationAI\venv\Lib\site-packages\django\template\base.py", line 1052, in render_annotated
    return self.render(context)
           ^^^^^^^^^^^^^^^^^^^^
  File "C:\Ashish Jha\ashish-jha-github\ConversationAI\venv\Lib\site-packages\django\template\loader_tags.py", line 135, in render
    compiled_parent = self.get_parent(context)
                      ^^^^^^^^^^^^^^^^^^^^^^^^
  File "C:\Ashish Jha\ashish-jha-github\ConversationAI\venv\Lib\site-packages\django\template\loader_tags.py", line 132, in get_parent
    return self.find_template(parent, context)
           ^^^^^^^^^^^^^^^^^^^^^^^^^^^^^^^^^^^
  File "C:\Ashish Jha\ashish-jha-github\ConversationAI\venv\Lib\site-packages\django\template\loader_tags.py", line 110, in find_template
    template, origin = context.template.engine.find_template(
                       ^^^^^^^^^^^^^^^^^^^^^^^^^^^^^^^^^^^^^^
  File "C:\Ashish Jha\ashish-jha-github\ConversationAI\venv\Lib\site-packages\django\template\engine.py", line 159, in find_template
    template = loader.get_template(name, skip=skip)
               ^^^^^^^^^^^^^^^^^^^^^^^^^^^^^^^^^^^^
  File "C:\Ashish Jha\ashish-jha-github\ConversationAI\venv\Lib\site-packages\django\template\loaders\cached.py", line 57, in get_template
    template = super().get_template(template_name, skip)
               ^^^^^^^^^^^^^^^^^^^^^^^^^^^^^^^^^^^^^^^^^
  File "C:\Ashish Jha\ashish-jha-github\ConversationAI\venv\Lib\site-packages\django\template\loaders\base.py", line 28, in get_template
    return Template(
           ^^^^^^^^^
  File "C:\Ashish Jha\ashish-jha-github\ConversationAI\venv\Lib\site-packages\django\template\base.py", line 157, in __init__
    self.nodelist = self.compile_nodelist()
                    ^^^^^^^^^^^^^^^^^^^^^^^
  File "C:\Ashish Jha\ashish-jha-github\ConversationAI\venv\Lib\site-packages\django\template\base.py", line 199, in compile_nodelist
    nodelist = parser.parse()
               ^^^^^^^^^^^^^^
  File "C:\Ashish Jha\ashish-jha-github\ConversationAI\venv\Lib\site-packages\django\template\base.py", line 585, in parse
    raise self.error(token, e)
  File "C:\Ashish Jha\ashish-jha-github\ConversationAI\venv\Lib\site-packages\django\template\base.py", line 583, in parse
    compiled_result = compile_func(self, token)
                      ^^^^^^^^^^^^^^^^^^^^^^^^^
  File "C:\Ashish Jha\ashish-jha-github\ConversationAI\venv\Lib\site-packages\django\template\loader_tags.py", line 235, in do_block
    nodelist = parser.parse(("endblock",))
               ^^^^^^^^^^^^^^^^^^^^^^^^^^^
  File "C:\Ashish Jha\ashish-jha-github\ConversationAI\venv\Lib\site-packages\django\template\base.py", line 585, in parse
    raise self.error(token, e)
  File "C:\Ashish Jha\ashish-jha-github\ConversationAI\venv\Lib\site-packages\django\template\base.py", line 583, in parse
    compiled_result = compile_func(self, token)
                      ^^^^^^^^^^^^^^^^^^^^^^^^^
  File "C:\Ashish Jha\ashish-jha-github\ConversationAI\venv\Lib\site-packages\django\template\defaulttags.py", line 1008, in do_if
    nodelist = parser.parse(("endif",))
               ^^^^^^^^^^^^^^^^^^^^^^^^
  File "C:\Ashish Jha\ashish-jha-github\ConversationAI\venv\Lib\site-packages\django\template\base.py", line 585, in parse
    raise self.error(token, e)
  File "C:\Ashish Jha\ashish-jha-github\ConversationAI\venv\Lib\site-packages\django\template\base.py", line 583, in parse
    compiled_result = compile_func(self, token)
                      ^^^^^^^^^^^^^^^^^^^^^^^^^
  File "C:\Ashish Jha\ashish-jha-github\ConversationAI\venv\Lib\site-packages\django\template\loader_tags.py", line 229, in do_block
    raise TemplateSyntaxError(
django.template.exceptions.TemplateSyntaxError: Template: C:\Ashish Jha\ashish-jha-github\ConversationAI\AIAssistance\templates\base.html, 'block' tag with name 'content' appears more than once
ERROR 2026-05-28 17:02:28,848 log 9688 1780 "GET / HTTP/1.1" 500 231259
INFO 2026-05-28 17:36:47,690 log 9688 16884 "GET / HTTP/1.1" 200 8936
INFO 2026-05-28 17:36:47,765 log 9688 16884 "GET /static/css/style.css HTTP/1.1" 200 11663
INFO 2026-05-28 17:40:21,667 log 9688 16884 "POST / HTTP/1.1" 200 9064
INFO 2026-05-28 17:40:26,084 log 9688 16884 "GET /projects/ HTTP/1.1" 200 7184
INFO 2026-05-28 17:40:28,146 log 9688 16884 "GET /chat/ HTTP/1.1" 200 7528
INFO 2026-05-28 17:40:39,628 log 9688 16884 "GET /logout/ HTTP/1.1" 302 0
INFO 2026-05-28 17:40:39,631 log 9688 16884 "GET / HTTP/1.1" 200 1486
INFO 2026-05-28 17:40:46,987 log 9688 16884 "GET / HTTP/1.1" 200 1486
INFO 2026-05-28 17:40:55,598 log 9688 16884 "GET /admin/ HTTP/1.1" 302 0
INFO 2026-05-28 17:40:55,710 log 9688 16884 "GET /admin/login/?next=/admin/ HTTP/1.1" 200 4080
INFO 2026-05-28 17:40:55,739 log 9688 16884 "GET /static/admin/css/base.css HTTP/1.1" 200 23100
INFO 2026-05-28 17:40:55,740 log 9688 18236 "GET /static/admin/css/dark_mode.css HTTP/1.1" 200 3538
INFO 2026-05-28 17:40:55,745 log 9688 3756 "GET /static/admin/css/nav_sidebar.css HTTP/1.1" 200 2810
INFO 2026-05-28 17:40:55,745 log 9688 8320 "GET /static/admin/css/login.css HTTP/1.1" 200 951
INFO 2026-05-28 17:40:55,747 log 9688 21576 "GET /static/admin/css/responsive.css HTTP/1.1" 200 16273
INFO 2026-05-28 17:40:55,759 log 9688 3612 "GET /static/admin/js/theme.js HTTP/1.1" 200 1653
INFO 2026-05-28 17:40:55,770 log 9688 21576 "GET /static/admin/js/nav_sidebar.js HTTP/1.1" 200 3063
INFO 2026-05-28 17:41:06,935 log 9688 21576 "POST /admin/login/?next=/admin/ HTTP/1.1" 302 0
INFO 2026-05-28 17:41:06,972 log 9688 21576 "GET /admin/ HTTP/1.1" 200 15583
INFO 2026-05-28 17:41:07,002 log 9688 21576 "GET /static/admin/css/dashboard.css HTTP/1.1" 200 441
INFO 2026-05-28 17:41:07,018 log 9688 3612 "GET /static/admin/img/icon-changelink.svg HTTP/1.1" 200 978
INFO 2026-05-28 17:41:07,018 log 9688 21576 "GET /static/admin/img/icon-addlink.svg HTTP/1.1" 200 593
INFO 2026-05-28 17:42:09,463 log 9688 5860 "GET /admin/users/user/ HTTP/1.1" 200 21908
INFO 2026-05-28 17:42:09,496 log 9688 5860 "GET /static/admin/css/changelists.css HTTP/1.1" 200 7498
INFO 2026-05-28 17:42:09,510 log 9688 17280 "GET /static/admin/js/jquery.init.js HTTP/1.1" 200 347
INFO 2026-05-28 17:42:09,528 log 9688 4700 "GET /admin/jsi18n/ HTTP/1.1" 200 3342
INFO 2026-05-28 17:42:09,528 log 9688 14144 "GET /static/admin/js/core.js HTTP/1.1" 200 6208
INFO 2026-05-28 17:42:09,533 log 9688 2592 "GET /static/admin/js/admin/RelatedObjectLookups.js HTTP/1.1" 200 9777
INFO 2026-05-28 17:42:09,536 log 9688 5860 "GET /static/admin/js/actions.js HTTP/1.1" 200 8076
INFO 2026-05-28 17:42:09,540 log 9688 17280 "GET /static/admin/js/urlify.js HTTP/1.1" 200 7887
INFO 2026-05-28 17:42:09,552 log 9688 2592 "GET /static/admin/img/search.svg HTTP/1.1" 200 607
INFO 2026-05-28 17:42:09,552 log 9688 4700 "GET /static/admin/js/prepopulate.js HTTP/1.1" 200 1531
INFO 2026-05-28 17:42:09,552 log 9688 5860 "GET /static/admin/img/icon-yes.svg HTTP/1.1" 200 558
INFO 2026-05-28 17:42:09,572 log 9688 7740 "GET /static/admin/js/vendor/jquery/jquery.js HTTP/1.1" 200 285314
INFO 2026-05-28 17:42:09,601 log 9688 7740 "GET /static/admin/js/filters.js HTTP/1.1" 200 978
INFO 2026-05-28 17:42:09,649 log 9688 14144 "GET /static/admin/js/vendor/xregexp/xregexp.js HTTP/1.1" 200 325171
INFO 2026-05-28 17:42:09,677 log 9688 7740 "GET /static/admin/img/icon-viewlink.svg HTTP/1.1" 200 928
INFO 2026-05-28 17:42:09,677 log 9688 14144 "GET /static/admin/img/tooltag-add.svg HTTP/1.1" 200 593
INFO 2026-05-28 17:42:25,848 log 9688 14144 "GET /admin/users/user/?_facets=True HTTP/1.1" 200 22509
INFO 2026-05-28 17:42:25,868 log 9688 14144 "GET /admin/jsi18n/ HTTP/1.1" 200 3342
INFO 2026-05-28 17:42:25,895 log 9688 14144 "GET /static/admin/img/icon-hidelink.svg HTTP/1.1" 200 1131
INFO 2026-05-28 17:42:41,294 log 9688 14144 "POST /admin/users/user/?_facets=True HTTP/1.1" 200 15034
INFO 2026-05-28 17:42:41,348 log 9688 14144 "GET /static/admin/js/cancel.js HTTP/1.1" 200 884
INFO 2026-05-28 17:42:43,370 log 9688 14144 "POST /admin/users/user/?_facets=True HTTP/1.1" 302 0
INFO 2026-05-28 17:42:43,392 log 9688 14144 "GET /admin/users/user/?_facets=True HTTP/1.1" 200 22045
INFO 2026-05-28 17:42:43,413 log 9688 14144 "GET /admin/jsi18n/ HTTP/1.1" 200 3342
INFO 2026-05-28 17:42:52,433 log 9688 14144 "POST /admin/users/user/?_facets=True HTTP/1.1" 200 15032
INFO 2026-05-28 17:42:54,793 log 9688 14144 "POST /admin/users/user/?_facets=True HTTP/1.1" 302 0
INFO 2026-05-28 17:42:54,813 log 9688 14144 "GET /admin/users/user/?_facets=True HTTP/1.1" 200 21449
INFO 2026-05-28 17:42:54,833 log 9688 14144 "GET /admin/jsi18n/ HTTP/1.1" 200 3342
INFO 2026-05-28 17:44:31,235 log 9688 14144 "GET / HTTP/1.1" 200 7149
INFO 2026-05-28 17:45:14,068 log 9688 14144 "POST / HTTP/1.1" 200 7277
INFO 2026-05-28 17:48:25,331 log 9688 14144 "POST / HTTP/1.1" 200 7277
INFO 2026-05-28 17:49:19,926 log 9688 14144 "POST / HTTP/1.1" 200 7277
INFO 2026-05-28 17:50:16,838 log 9688 14144 "POST / HTTP/1.1" 200 7277
INFO 2026-05-28 17:50:25,550 log 9688 14144 "GET /dashboard/ HTTP/1.1" 200 8130
INFO 2026-05-28 17:50:27,472 log 9688 14144 "GET /projects/ HTTP/1.1" 200 5397
INFO 2026-05-28 17:50:28,579 log 9688 14144 "GET /chat/ HTTP/1.1" 200 5741
ERROR 2026-05-28 17:50:30,351 log 9688 14144 Internal Server Error: /my-responses/
Traceback (most recent call last):
  File "C:\Ashish Jha\ashish-jha-github\ConversationAI\venv\Lib\site-packages\django\core\handlers\exception.py", line 55, in inner
    response = get_response(request)
               ^^^^^^^^^^^^^^^^^^^^^
  File "C:\Ashish Jha\ashish-jha-github\ConversationAI\venv\Lib\site-packages\django\core\handlers\base.py", line 198, in _get_response
    response = wrapped_callback(request, *callback_args, **callback_kwargs)
               ^^^^^^^^^^^^^^^^^^^^^^^^^^^^^^^^^^^^^^^^^^^^^^^^^^^^^^^^^^^^
  File "C:\Ashish Jha\ashish-jha-github\ConversationAI\AIAssistance\apps\frontend\views.py", line 17, in wrapper
    return view_func(request, *args, **kwargs)
           ^^^^^^^^^^^^^^^^^^^^^^^^^^^^^^^^^^^
  File "C:\Ashish Jha\ashish-jha-github\ConversationAI\AIAssistance\apps\frontend\views.py", line 169, in user_responses
    return render(request, 'user/responses.html', context)
           ^^^^^^^^^^^^^^^^^^^^^^^^^^^^^^^^^^^^^^^^^^^^^^^
  File "C:\Ashish Jha\ashish-jha-github\ConversationAI\venv\Lib\site-packages\django\shortcuts.py", line 25, in render
    content = loader.render_to_string(template_name, context, request, using=using)
              ^^^^^^^^^^^^^^^^^^^^^^^^^^^^^^^^^^^^^^^^^^^^^^^^^^^^^^^^^^^^^^^^^^^^^
  File "C:\Ashish Jha\ashish-jha-github\ConversationAI\venv\Lib\site-packages\django\template\loader.py", line 62, in render_to_string
    return template.render(context, request)
           ^^^^^^^^^^^^^^^^^^^^^^^^^^^^^^^^^
  File "C:\Ashish Jha\ashish-jha-github\ConversationAI\venv\Lib\site-packages\django\template\backends\django.py", line 107, in render
    return self.template.render(context)
           ^^^^^^^^^^^^^^^^^^^^^^^^^^^^^
  File "C:\Ashish Jha\ashish-jha-github\ConversationAI\venv\Lib\site-packages\django\template\base.py", line 174, in render
    return self._render(context)
           ^^^^^^^^^^^^^^^^^^^^^
  File "C:\Ashish Jha\ashish-jha-github\ConversationAI\venv\Lib\site-packages\django\template\base.py", line 166, in _render
    return self.nodelist.render(context)
           ^^^^^^^^^^^^^^^^^^^^^^^^^^^^^
  File "C:\Ashish Jha\ashish-jha-github\ConversationAI\venv\Lib\site-packages\django\template\base.py", line 1091, in render
    return SafeString("".join([node.render_annotated(context) for node in self]))
                               ^^^^^^^^^^^^^^^^^^^^^^^^^^^^^^
  File "C:\Ashish Jha\ashish-jha-github\ConversationAI\venv\Lib\site-packages\django\template\base.py", line 1052, in render_annotated
    return self.render(context)
           ^^^^^^^^^^^^^^^^^^^^
  File "C:\Ashish Jha\ashish-jha-github\ConversationAI\venv\Lib\site-packages\django\template\loader_tags.py", line 160, in render
    return compiled_parent._render(context)
           ^^^^^^^^^^^^^^^^^^^^^^^^^^^^^^^^
  File "C:\Ashish Jha\ashish-jha-github\ConversationAI\venv\Lib\site-packages\django\template\base.py", line 166, in _render
    return self.nodelist.render(context)
           ^^^^^^^^^^^^^^^^^^^^^^^^^^^^^
  File "C:\Ashish Jha\ashish-jha-github\ConversationAI\venv\Lib\site-packages\django\template\base.py", line 1091, in render
    return SafeString("".join([node.render_annotated(context) for node in self]))
                               ^^^^^^^^^^^^^^^^^^^^^^^^^^^^^^
  File "C:\Ashish Jha\ashish-jha-github\ConversationAI\venv\Lib\site-packages\django\template\base.py", line 1052, in render_annotated
    return self.render(context)
           ^^^^^^^^^^^^^^^^^^^^
  File "C:\Ashish Jha\ashish-jha-github\ConversationAI\venv\Lib\site-packages\django\template\loader_tags.py", line 66, in render
    result = block.nodelist.render(context)
             ^^^^^^^^^^^^^^^^^^^^^^^^^^^^^^
  File "C:\Ashish Jha\ashish-jha-github\ConversationAI\venv\Lib\site-packages\django\template\base.py", line 1091, in render
    return SafeString("".join([node.render_annotated(context) for node in self]))
                               ^^^^^^^^^^^^^^^^^^^^^^^^^^^^^^
  File "C:\Ashish Jha\ashish-jha-github\ConversationAI\venv\Lib\site-packages\django\template\base.py", line 1052, in render_annotated
    return self.render(context)
           ^^^^^^^^^^^^^^^^^^^^
  File "C:\Ashish Jha\ashish-jha-github\ConversationAI\venv\Lib\site-packages\django\template\defaulttags.py", line 333, in render
    return nodelist.render(context)
           ^^^^^^^^^^^^^^^^^^^^^^^^
  File "C:\Ashish Jha\ashish-jha-github\ConversationAI\venv\Lib\site-packages\django\template\base.py", line 1091, in render
    return SafeString("".join([node.render_annotated(context) for node in self]))
                               ^^^^^^^^^^^^^^^^^^^^^^^^^^^^^^
  File "C:\Ashish Jha\ashish-jha-github\ConversationAI\venv\Lib\site-packages\django\template\base.py", line 1052, in render_annotated
    return self.render(context)
           ^^^^^^^^^^^^^^^^^^^^
  File "C:\Ashish Jha\ashish-jha-github\ConversationAI\venv\Lib\site-packages\django\template\loader_tags.py", line 66, in render
    result = block.nodelist.render(context)
             ^^^^^^^^^^^^^^^^^^^^^^^^^^^^^^
  File "C:\Ashish Jha\ashish-jha-github\ConversationAI\venv\Lib\site-packages\django\template\base.py", line 1091, in render
    return SafeString("".join([node.render_annotated(context) for node in self]))
                               ^^^^^^^^^^^^^^^^^^^^^^^^^^^^^^
  File "C:\Ashish Jha\ashish-jha-github\ConversationAI\venv\Lib\site-packages\django\template\base.py", line 1052, in render_annotated
    return self.render(context)
           ^^^^^^^^^^^^^^^^^^^^
  File "C:\Ashish Jha\ashish-jha-github\ConversationAI\venv\Lib\site-packages\django\template\defaulttags.py", line 202, in render
    len_values = len(values)
                 ^^^^^^^^^^^
  File "C:\Ashish Jha\ashish-jha-github\ConversationAI\venv\Lib\site-packages\django\db\models\query.py", line 372, in __len__
    self._fetch_all()
  File "C:\Ashish Jha\ashish-jha-github\ConversationAI\venv\Lib\site-packages\django\db\models\query.py", line 2000, in _fetch_all
    self._result_cache = list(self._iterable_class(self))
                         ^^^^^^^^^^^^^^^^^^^^^^^^^^^^^^^^
  File "C:\Ashish Jha\ashish-jha-github\ConversationAI\venv\Lib\site-packages\django\db\models\query.py", line 95, in __iter__
    results = compiler.execute_sql(
              ^^^^^^^^^^^^^^^^^^^^^
  File "C:\Ashish Jha\ashish-jha-github\ConversationAI\venv\Lib\site-packages\django\db\models\sql\compiler.py", line 1611, in execute_sql
    sql, params = self.as_sql()
                  ^^^^^^^^^^^^^
  File "C:\Ashish Jha\ashish-jha-github\ConversationAI\venv\Lib\site-packages\django\db\models\sql\compiler.py", line 767, in as_sql
    extra_select, order_by, group_by = self.pre_sql_setup(
                                       ^^^^^^^^^^^^^^^^^^^
  File "C:\Ashish Jha\ashish-jha-github\ConversationAI\venv\Lib\site-packages\django\db\models\sql\compiler.py", line 86, in pre_sql_setup
    self.setup_query(with_col_aliases=with_col_aliases)
  File "C:\Ashish Jha\ashish-jha-github\ConversationAI\venv\Lib\site-packages\django\db\models\sql\compiler.py", line 75, in setup_query
    self.select, self.klass_info, self.annotation_col_map = self.get_select(
                                                            ^^^^^^^^^^^^^^^^
  File "C:\Ashish Jha\ashish-jha-github\ConversationAI\venv\Lib\site-packages\django\db\models\sql\compiler.py", line 300, in get_select
    related_klass_infos = self.get_related_selections(select, select_mask)
                          ^^^^^^^^^^^^^^^^^^^^^^^^^^^^^^^^^^^^^^^^^^^^^^^^
  File "C:\Ashish Jha\ashish-jha-github\ConversationAI\venv\Lib\site-packages\django\db\models\sql\compiler.py", line 1397, in get_related_selections
    raise FieldError(
django.core.exceptions.FieldError: Invalid field name(s) given in select_related: 'response_approval'. Choices are: message, submitted_by, approval, moderation_queue, crm_log
ERROR 2026-05-28 17:50:30,367 log 9688 14144 "GET /my-responses/ HTTP/1.1" 500 248437
WARNING 2026-05-28 17:50:43,274 log 9688 14144 Not Found: /home
WARNING 2026-05-28 17:50:43,275 log 9688 14144 "GET /home HTTP/1.1" 404 8024
INFO 2026-05-28 17:51:09,335 log 9688 14144 "GET /admin/ HTTP/1.1" 200 16275
INFO 2026-05-28 17:51:09,378 log 9688 14144 "GET /static/admin/img/icon-deletelink.svg HTTP/1.1" 200 689
INFO 2026-05-28 17:51:15,642 log 9688 14144 "POST /admin/logout/ HTTP/1.1" 200 3475
INFO 2026-05-28 17:51:18,606 log 9688 14144 "GET /admin/ HTTP/1.1" 302 0
INFO 2026-05-28 17:51:18,614 log 9688 14144 "GET /admin/login/?next=/admin/ HTTP/1.1" 200 4080
INFO 2026-05-28 17:52:27,874 log 9688 14144 "GET / HTTP/1.1" 200 1486
WARNING 2026-05-28 17:52:44,217 log 9688 14144 Unauthorized: /api/users/
WARNING 2026-05-28 17:52:44,218 log 9688 14144 "GET /api/users/ HTTP/1.1" 401 138
INFO 2026-05-28 17:52:50,067 log 9688 14144 "GET /login HTTP/1.1" 301 0
INFO 2026-05-28 17:52:50,072 log 9688 14144 "GET /login/ HTTP/1.1" 200 1486
WARNING 2026-05-28 17:52:59,595 log 9688 14144 Not Found: /auth/login
WARNING 2026-05-28 17:52:59,596 log 9688 14144 "GET /auth/login HTTP/1.1" 404 8042
INFO 2026-05-28 17:53:21,321 log 9688 14144 "GET /login/ HTTP/1.1" 200 1486
INFO 2026-05-28 17:54:36,733 log 9688 14144 "GET /login/ HTTP/1.1" 200 3575
INFO 2026-05-28 17:54:58,133 log 9688 14144 "POST /login/ HTTP/1.1" 302 0
INFO 2026-05-28 17:54:58,146 log 9688 14144 "GET /dashboard/ HTTP/1.1" 200 9917
INFO 2026-05-28 17:55:07,732 log 9688 14144 "GET /projects/ HTTP/1.1" 200 7184
INFO 2026-05-28 17:55:09,628 log 9688 14144 "GET /chat/ HTTP/1.1" 200 7528
ERROR 2026-05-28 17:55:30,121 log 9688 14144 Internal Server Error: /my-responses/
Traceback (most recent call last):
  File "C:\Ashish Jha\ashish-jha-github\ConversationAI\venv\Lib\site-packages\django\core\handlers\exception.py", line 55, in inner
    response = get_response(request)
               ^^^^^^^^^^^^^^^^^^^^^
  File "C:\Ashish Jha\ashish-jha-github\ConversationAI\venv\Lib\site-packages\django\core\handlers\base.py", line 198, in _get_response
    response = wrapped_callback(request, *callback_args, **callback_kwargs)
               ^^^^^^^^^^^^^^^^^^^^^^^^^^^^^^^^^^^^^^^^^^^^^^^^^^^^^^^^^^^^
  File "C:\Ashish Jha\ashish-jha-github\ConversationAI\AIAssistance\apps\frontend\views.py", line 17, in wrapper
    return view_func(request, *args, **kwargs)
           ^^^^^^^^^^^^^^^^^^^^^^^^^^^^^^^^^^^
  File "C:\Ashish Jha\ashish-jha-github\ConversationAI\AIAssistance\apps\frontend\views.py", line 169, in user_responses
    return render(request, 'user/responses.html', context)
           ^^^^^^^^^^^^^^^^^^^^^^^^^^^^^^^^^^^^^^^^^^^^^^^
  File "C:\Ashish Jha\ashish-jha-github\ConversationAI\venv\Lib\site-packages\django\shortcuts.py", line 25, in render
    content = loader.render_to_string(template_name, context, request, using=using)
              ^^^^^^^^^^^^^^^^^^^^^^^^^^^^^^^^^^^^^^^^^^^^^^^^^^^^^^^^^^^^^^^^^^^^^
  File "C:\Ashish Jha\ashish-jha-github\ConversationAI\venv\Lib\site-packages\django\template\loader.py", line 62, in render_to_string
    return template.render(context, request)
           ^^^^^^^^^^^^^^^^^^^^^^^^^^^^^^^^^
  File "C:\Ashish Jha\ashish-jha-github\ConversationAI\venv\Lib\site-packages\django\template\backends\django.py", line 107, in render
    return self.template.render(context)
           ^^^^^^^^^^^^^^^^^^^^^^^^^^^^^
  File "C:\Ashish Jha\ashish-jha-github\ConversationAI\venv\Lib\site-packages\django\template\base.py", line 174, in render
    return self._render(context)
           ^^^^^^^^^^^^^^^^^^^^^
  File "C:\Ashish Jha\ashish-jha-github\ConversationAI\venv\Lib\site-packages\django\template\base.py", line 166, in _render
    return self.nodelist.render(context)
           ^^^^^^^^^^^^^^^^^^^^^^^^^^^^^
  File "C:\Ashish Jha\ashish-jha-github\ConversationAI\venv\Lib\site-packages\django\template\base.py", line 1091, in render
    return SafeString("".join([node.render_annotated(context) for node in self]))
                               ^^^^^^^^^^^^^^^^^^^^^^^^^^^^^^
  File "C:\Ashish Jha\ashish-jha-github\ConversationAI\venv\Lib\site-packages\django\template\base.py", line 1052, in render_annotated
    return self.render(context)
           ^^^^^^^^^^^^^^^^^^^^
  File "C:\Ashish Jha\ashish-jha-github\ConversationAI\venv\Lib\site-packages\django\template\loader_tags.py", line 160, in render
    return compiled_parent._render(context)
           ^^^^^^^^^^^^^^^^^^^^^^^^^^^^^^^^
  File "C:\Ashish Jha\ashish-jha-github\ConversationAI\venv\Lib\site-packages\django\template\base.py", line 166, in _render
    return self.nodelist.render(context)
           ^^^^^^^^^^^^^^^^^^^^^^^^^^^^^
  File "C:\Ashish Jha\ashish-jha-github\ConversationAI\venv\Lib\site-packages\django\template\base.py", line 1091, in render
    return SafeString("".join([node.render_annotated(context) for node in self]))
                               ^^^^^^^^^^^^^^^^^^^^^^^^^^^^^^
  File "C:\Ashish Jha\ashish-jha-github\ConversationAI\venv\Lib\site-packages\django\template\base.py", line 1052, in render_annotated
    return self.render(context)
           ^^^^^^^^^^^^^^^^^^^^
  File "C:\Ashish Jha\ashish-jha-github\ConversationAI\venv\Lib\site-packages\django\template\loader_tags.py", line 66, in render
    result = block.nodelist.render(context)
             ^^^^^^^^^^^^^^^^^^^^^^^^^^^^^^
  File "C:\Ashish Jha\ashish-jha-github\ConversationAI\venv\Lib\site-packages\django\template\base.py", line 1091, in render
    return SafeString("".join([node.render_annotated(context) for node in self]))
                               ^^^^^^^^^^^^^^^^^^^^^^^^^^^^^^
  File "C:\Ashish Jha\ashish-jha-github\ConversationAI\venv\Lib\site-packages\django\template\base.py", line 1052, in render_annotated
    return self.render(context)
           ^^^^^^^^^^^^^^^^^^^^
  File "C:\Ashish Jha\ashish-jha-github\ConversationAI\venv\Lib\site-packages\django\template\defaulttags.py", line 333, in render
    return nodelist.render(context)
           ^^^^^^^^^^^^^^^^^^^^^^^^
  File "C:\Ashish Jha\ashish-jha-github\ConversationAI\venv\Lib\site-packages\django\template\base.py", line 1091, in render
    return SafeString("".join([node.render_annotated(context) for node in self]))
                               ^^^^^^^^^^^^^^^^^^^^^^^^^^^^^^
  File "C:\Ashish Jha\ashish-jha-github\ConversationAI\venv\Lib\site-packages\django\template\base.py", line 1052, in render_annotated
    return self.render(context)
           ^^^^^^^^^^^^^^^^^^^^
  File "C:\Ashish Jha\ashish-jha-github\ConversationAI\venv\Lib\site-packages\django\template\loader_tags.py", line 66, in render
    result = block.nodelist.render(context)
             ^^^^^^^^^^^^^^^^^^^^^^^^^^^^^^
  File "C:\Ashish Jha\ashish-jha-github\ConversationAI\venv\Lib\site-packages\django\template\base.py", line 1091, in render
    return SafeString("".join([node.render_annotated(context) for node in self]))
                               ^^^^^^^^^^^^^^^^^^^^^^^^^^^^^^
  File "C:\Ashish Jha\ashish-jha-github\ConversationAI\venv\Lib\site-packages\django\template\base.py", line 1052, in render_annotated
    return self.render(context)
           ^^^^^^^^^^^^^^^^^^^^
  File "C:\Ashish Jha\ashish-jha-github\ConversationAI\venv\Lib\site-packages\django\template\defaulttags.py", line 202, in render
    len_values = len(values)
                 ^^^^^^^^^^^
  File "C:\Ashish Jha\ashish-jha-github\ConversationAI\venv\Lib\site-packages\django\db\models\query.py", line 372, in __len__
    self._fetch_all()
  File "C:\Ashish Jha\ashish-jha-github\ConversationAI\venv\Lib\site-packages\django\db\models\query.py", line 2000, in _fetch_all
    self._result_cache = list(self._iterable_class(self))
                         ^^^^^^^^^^^^^^^^^^^^^^^^^^^^^^^^
  File "C:\Ashish Jha\ashish-jha-github\ConversationAI\venv\Lib\site-packages\django\db\models\query.py", line 95, in __iter__
    results = compiler.execute_sql(
              ^^^^^^^^^^^^^^^^^^^^^
  File "C:\Ashish Jha\ashish-jha-github\ConversationAI\venv\Lib\site-packages\django\db\models\sql\compiler.py", line 1611, in execute_sql
    sql, params = self.as_sql()
                  ^^^^^^^^^^^^^
  File "C:\Ashish Jha\ashish-jha-github\ConversationAI\venv\Lib\site-packages\django\db\models\sql\compiler.py", line 767, in as_sql
    extra_select, order_by, group_by = self.pre_sql_setup(
                                       ^^^^^^^^^^^^^^^^^^^
  File "C:\Ashish Jha\ashish-jha-github\ConversationAI\venv\Lib\site-packages\django\db\models\sql\compiler.py", line 86, in pre_sql_setup
    self.setup_query(with_col_aliases=with_col_aliases)
  File "C:\Ashish Jha\ashish-jha-github\ConversationAI\venv\Lib\site-packages\django\db\models\sql\compiler.py", line 75, in setup_query
    self.select, self.klass_info, self.annotation_col_map = self.get_select(
                                                            ^^^^^^^^^^^^^^^^
  File "C:\Ashish Jha\ashish-jha-github\ConversationAI\venv\Lib\site-packages\django\db\models\sql\compiler.py", line 300, in get_select
    related_klass_infos = self.get_related_selections(select, select_mask)
                          ^^^^^^^^^^^^^^^^^^^^^^^^^^^^^^^^^^^^^^^^^^^^^^^^
  File "C:\Ashish Jha\ashish-jha-github\ConversationAI\venv\Lib\site-packages\django\db\models\sql\compiler.py", line 1397, in get_related_selections
    raise FieldError(
django.core.exceptions.FieldError: Invalid field name(s) given in select_related: 'response_approval'. Choices are: message, submitted_by, approval, moderation_queue, crm_log
ERROR 2026-05-28 17:55:30,123 log 9688 14144 "GET /my-responses/ HTTP/1.1" 500 248443
INFO 2026-05-28 17:56:09,020 log 9688 14144 "GET /moderator/ HTTP/1.1" 200 8321
INFO 2026-05-28 17:56:11,688 log 9688 14144 "GET /moderator/queue/ HTTP/1.1" 200 7511
INFO 2026-05-28 17:56:14,988 log 9688 14144 "GET /moderator/history/ HTTP/1.1" 200 7417
INFO 2026-05-28 17:56:17,438 log 9688 14144 "GET /moderator/ HTTP/1.1" 200 8321
INFO 2026-05-28 17:56:21,814 log 9688 14144 "GET /admin-panel/ HTTP/1.1" 200 9203
INFO 2026-05-28 17:56:28,772 log 9688 14144 "GET /admin-panel/users/ HTTP/1.1" 200 11449
INFO 2026-05-28 17:56:37,547 log 9688 14144 "GET /admin-panel/ HTTP/1.1" 200 9203
INFO 2026-05-28 17:56:43,971 log 9688 14144 "GET /moderator/ HTTP/1.1" 200 8321
INFO 2026-05-28 17:56:45,969 log 9688 14144 "GET /moderator/queue/ HTTP/1.1" 200 7511
INFO 2026-05-28 17:56:48,542 log 9688 14144 "GET /admin/ HTTP/1.1" 200 15602
INFO 2026-05-28 17:56:54,174 log 9688 14144 "GET /admin-panel/projects/ HTTP/1.1" 200 7386
INFO 2026-05-28 17:56:56,127 log 9688 14144 "GET /moderator/ HTTP/1.1" 200 8321
ERROR 2026-05-28 17:56:58,100 log 9688 14144 Internal Server Error: /my-responses/
Traceback (most recent call last):
  File "C:\Ashish Jha\ashish-jha-github\ConversationAI\venv\Lib\site-packages\django\core\handlers\exception.py", line 55, in inner
    response = get_response(request)
               ^^^^^^^^^^^^^^^^^^^^^
  File "C:\Ashish Jha\ashish-jha-github\ConversationAI\venv\Lib\site-packages\django\core\handlers\base.py", line 198, in _get_response
    response = wrapped_callback(request, *callback_args, **callback_kwargs)
               ^^^^^^^^^^^^^^^^^^^^^^^^^^^^^^^^^^^^^^^^^^^^^^^^^^^^^^^^^^^^
  File "C:\Ashish Jha\ashish-jha-github\ConversationAI\AIAssistance\apps\frontend\views.py", line 17, in wrapper
    return view_func(request, *args, **kwargs)
           ^^^^^^^^^^^^^^^^^^^^^^^^^^^^^^^^^^^
  File "C:\Ashish Jha\ashish-jha-github\ConversationAI\AIAssistance\apps\frontend\views.py", line 169, in user_responses
    return render(request, 'user/responses.html', context)
           ^^^^^^^^^^^^^^^^^^^^^^^^^^^^^^^^^^^^^^^^^^^^^^^
  File "C:\Ashish Jha\ashish-jha-github\ConversationAI\venv\Lib\site-packages\django\shortcuts.py", line 25, in render
    content = loader.render_to_string(template_name, context, request, using=using)
              ^^^^^^^^^^^^^^^^^^^^^^^^^^^^^^^^^^^^^^^^^^^^^^^^^^^^^^^^^^^^^^^^^^^^^
  File "C:\Ashish Jha\ashish-jha-github\ConversationAI\venv\Lib\site-packages\django\template\loader.py", line 62, in render_to_string
    return template.render(context, request)
           ^^^^^^^^^^^^^^^^^^^^^^^^^^^^^^^^^
  File "C:\Ashish Jha\ashish-jha-github\ConversationAI\venv\Lib\site-packages\django\template\backends\django.py", line 107, in render
    return self.template.render(context)
           ^^^^^^^^^^^^^^^^^^^^^^^^^^^^^
  File "C:\Ashish Jha\ashish-jha-github\ConversationAI\venv\Lib\site-packages\django\template\base.py", line 174, in render
    return self._render(context)
           ^^^^^^^^^^^^^^^^^^^^^
  File "C:\Ashish Jha\ashish-jha-github\ConversationAI\venv\Lib\site-packages\django\template\base.py", line 166, in _render
    return self.nodelist.render(context)
           ^^^^^^^^^^^^^^^^^^^^^^^^^^^^^
  File "C:\Ashish Jha\ashish-jha-github\ConversationAI\venv\Lib\site-packages\django\template\base.py", line 1091, in render
    return SafeString("".join([node.render_annotated(context) for node in self]))
                               ^^^^^^^^^^^^^^^^^^^^^^^^^^^^^^
  File "C:\Ashish Jha\ashish-jha-github\ConversationAI\venv\Lib\site-packages\django\template\base.py", line 1052, in render_annotated
    return self.render(context)
           ^^^^^^^^^^^^^^^^^^^^
  File "C:\Ashish Jha\ashish-jha-github\ConversationAI\venv\Lib\site-packages\django\template\loader_tags.py", line 160, in render
    return compiled_parent._render(context)
           ^^^^^^^^^^^^^^^^^^^^^^^^^^^^^^^^
  File "C:\Ashish Jha\ashish-jha-github\ConversationAI\venv\Lib\site-packages\django\template\base.py", line 166, in _render
    return self.nodelist.render(context)
           ^^^^^^^^^^^^^^^^^^^^^^^^^^^^^
  File "C:\Ashish Jha\ashish-jha-github\ConversationAI\venv\Lib\site-packages\django\template\base.py", line 1091, in render
    return SafeString("".join([node.render_annotated(context) for node in self]))
                               ^^^^^^^^^^^^^^^^^^^^^^^^^^^^^^
  File "C:\Ashish Jha\ashish-jha-github\ConversationAI\venv\Lib\site-packages\django\template\base.py", line 1052, in render_annotated
    return self.render(context)
           ^^^^^^^^^^^^^^^^^^^^
  File "C:\Ashish Jha\ashish-jha-github\ConversationAI\venv\Lib\site-packages\django\template\loader_tags.py", line 66, in render
    result = block.nodelist.render(context)
             ^^^^^^^^^^^^^^^^^^^^^^^^^^^^^^
  File "C:\Ashish Jha\ashish-jha-github\ConversationAI\venv\Lib\site-packages\django\template\base.py", line 1091, in render
    return SafeString("".join([node.render_annotated(context) for node in self]))
                               ^^^^^^^^^^^^^^^^^^^^^^^^^^^^^^
  File "C:\Ashish Jha\ashish-jha-github\ConversationAI\venv\Lib\site-packages\django\template\base.py", line 1052, in render_annotated
    return self.render(context)
           ^^^^^^^^^^^^^^^^^^^^
  File "C:\Ashish Jha\ashish-jha-github\ConversationAI\venv\Lib\site-packages\django\template\defaulttags.py", line 333, in render
    return nodelist.render(context)
           ^^^^^^^^^^^^^^^^^^^^^^^^
  File "C:\Ashish Jha\ashish-jha-github\ConversationAI\venv\Lib\site-packages\django\template\base.py", line 1091, in render
    return SafeString("".join([node.render_annotated(context) for node in self]))
                               ^^^^^^^^^^^^^^^^^^^^^^^^^^^^^^
  File "C:\Ashish Jha\ashish-jha-github\ConversationAI\venv\Lib\site-packages\django\template\base.py", line 1052, in render_annotated
    return self.render(context)
           ^^^^^^^^^^^^^^^^^^^^
  File "C:\Ashish Jha\ashish-jha-github\ConversationAI\venv\Lib\site-packages\django\template\loader_tags.py", line 66, in render
    result = block.nodelist.render(context)
             ^^^^^^^^^^^^^^^^^^^^^^^^^^^^^^
  File "C:\Ashish Jha\ashish-jha-github\ConversationAI\venv\Lib\site-packages\django\template\base.py", line 1091, in render
    return SafeString("".join([node.render_annotated(context) for node in self]))
                               ^^^^^^^^^^^^^^^^^^^^^^^^^^^^^^
  File "C:\Ashish Jha\ashish-jha-github\ConversationAI\venv\Lib\site-packages\django\template\base.py", line 1052, in render_annotated
    return self.render(context)
           ^^^^^^^^^^^^^^^^^^^^
  File "C:\Ashish Jha\ashish-jha-github\ConversationAI\venv\Lib\site-packages\django\template\defaulttags.py", line 202, in render
    len_values = len(values)
                 ^^^^^^^^^^^
  File "C:\Ashish Jha\ashish-jha-github\ConversationAI\venv\Lib\site-packages\django\db\models\query.py", line 372, in __len__
    self._fetch_all()
  File "C:\Ashish Jha\ashish-jha-github\ConversationAI\venv\Lib\site-packages\django\db\models\query.py", line 2000, in _fetch_all
    self._result_cache = list(self._iterable_class(self))
                         ^^^^^^^^^^^^^^^^^^^^^^^^^^^^^^^^
  File "C:\Ashish Jha\ashish-jha-github\ConversationAI\venv\Lib\site-packages\django\db\models\query.py", line 95, in __iter__
    results = compiler.execute_sql(
              ^^^^^^^^^^^^^^^^^^^^^
  File "C:\Ashish Jha\ashish-jha-github\ConversationAI\venv\Lib\site-packages\django\db\models\sql\compiler.py", line 1611, in execute_sql
    sql, params = self.as_sql()
                  ^^^^^^^^^^^^^
  File "C:\Ashish Jha\ashish-jha-github\ConversationAI\venv\Lib\site-packages\django\db\models\sql\compiler.py", line 767, in as_sql
    extra_select, order_by, group_by = self.pre_sql_setup(
                                       ^^^^^^^^^^^^^^^^^^^
  File "C:\Ashish Jha\ashish-jha-github\ConversationAI\venv\Lib\site-packages\django\db\models\sql\compiler.py", line 86, in pre_sql_setup
    self.setup_query(with_col_aliases=with_col_aliases)
  File "C:\Ashish Jha\ashish-jha-github\ConversationAI\venv\Lib\site-packages\django\db\models\sql\compiler.py", line 75, in setup_query
    self.select, self.klass_info, self.annotation_col_map = self.get_select(
                                                            ^^^^^^^^^^^^^^^^
  File "C:\Ashish Jha\ashish-jha-github\ConversationAI\venv\Lib\site-packages\django\db\models\sql\compiler.py", line 300, in get_select
    related_klass_infos = self.get_related_selections(select, select_mask)
                          ^^^^^^^^^^^^^^^^^^^^^^^^^^^^^^^^^^^^^^^^^^^^^^^^
  File "C:\Ashish Jha\ashish-jha-github\ConversationAI\venv\Lib\site-packages\django\db\models\sql\compiler.py", line 1397, in get_related_selections
    raise FieldError(
django.core.exceptions.FieldError: Invalid field name(s) given in select_related: 'response_approval'. Choices are: message, submitted_by, approval, moderation_queue, crm_log
ERROR 2026-05-28 17:56:58,101 log 9688 14144 "GET /my-responses/ HTTP/1.1" 500 248448
INFO 2026-05-28 17:57:06,193 log 9688 14144 "GET /chat/ HTTP/1.1" 200 7528
INFO 2026-05-28 17:57:11,379 log 9688 14144 "GET /dashboard/ HTTP/1.1" 200 9917
INFO 2026-05-28 17:57:19,670 log 9688 14144 "GET /chat/ HTTP/1.1" 200 7528
INFO 2026-05-28 17:57:26,236 log 9688 14144 "GET /projects/ HTTP/1.1" 200 7184
INFO 2026-05-28 17:57:27,873 log 9688 14144 "GET /dashboard/ HTTP/1.1" 200 9917
INFO 2026-05-28 17:57:33,696 log 9688 14144 "GET /chat/ HTTP/1.1" 200 7528
INFO 2026-05-28 17:57:40,501 log 9688 14144 "GET /dashboard/ HTTP/1.1" 200 9917
INFO 2026-05-28 17:57:42,289 log 9688 14144 "GET /chat/ HTTP/1.1" 200 7528
INFO 2026-05-28 17:57:44,798 log 9688 14144 "GET /dashboard/ HTTP/1.1" 200 9917
INFO 2026-05-28 17:57:47,735 log 9688 14144 "GET /projects/ HTTP/1.1" 200 7184
INFO 2026-05-28 17:57:52,405 log 9688 14144 "GET /admin-panel/projects/ HTTP/1.1" 200 7386
INFO 2026-05-28 17:57:57,470 log 9688 14144 "GET /admin-panel/ HTTP/1.1" 200 9203
INFO 2026-05-28 17:58:01,593 log 9688 14144 "GET /admin-panel/projects/ HTTP/1.1" 200 7386
INFO 2026-05-28 17:58:06,433 log 9688 14144 "GET /admin/ HTTP/1.1" 200 15602
INFO 2026-05-28 17:58:12,359 log 9688 14144 "GET /admin/projects/project/add/ HTTP/1.1" 200 19861
INFO 2026-05-28 17:58:12,391 log 9688 20628 "GET /admin/jsi18n/ HTTP/1.1" 200 3342
INFO 2026-05-28 17:58:12,395 log 9688 14144 "GET /static/admin/css/forms.css HTTP/1.1" 200 8831
INFO 2026-05-28 17:58:12,406 log 9688 14144 "GET /static/admin/css/widgets.css HTTP/1.1" 200 11811
INFO 2026-05-28 17:58:12,409 log 9688 5540 "GET /static/admin/js/prepopulate_init.js HTTP/1.1" 200 586
INFO 2026-05-28 17:58:12,423 log 9688 14144 "GET /static/admin/js/change_form.js HTTP/1.1" 200 606
INFO 2026-05-28 17:59:21,780 log 9688 14144 "POST /admin/projects/project/add/ HTTP/1.1" 302 0
INFO 2026-05-28 17:59:21,813 log 9688 14144 "GET /admin/projects/project/ HTTP/1.1" 200 19458
INFO 2026-05-28 17:59:21,838 log 9688 14144 "GET /admin/jsi18n/ HTTP/1.1" 200 3342
INFO 2026-05-28 17:59:21,870 log 9688 14144 "GET /static/admin/img/sorting-icons.svg HTTP/1.1" 200 1761
INFO 2026-05-28 17:59:38,663 log 9688 14144 "GET /admin/projects/userproject/add/ HTTP/1.1" 200 19908
INFO 2026-05-28 17:59:38,682 log 9688 14144 "GET /admin/jsi18n/ HTTP/1.1" 200 3342
INFO 2026-05-28 18:00:07,422 log 9688 14144 "POST /admin/projects/userproject/add/ HTTP/1.1" 302 0
INFO 2026-05-28 18:00:07,439 log 9688 14144 "GET /admin/projects/userproject/ HTTP/1.1" 200 19243
INFO 2026-05-28 18:00:07,465 log 9688 14144 "GET /admin/jsi18n/ HTTP/1.1" 200 3342
INFO 2026-05-28 18:00:15,538 log 9688 14144 "GET /admin/projects/project/ HTTP/1.1" 200 19222
INFO 2026-05-28 18:00:15,560 log 9688 14144 "GET /admin/jsi18n/ HTTP/1.1" 200 3342
INFO 2026-05-28 18:00:29,914 log 9688 14144 "GET /admin/projects/project/ HTTP/1.1" 200 19222
INFO 2026-05-28 18:00:29,935 log 9688 14144 "GET /admin/jsi18n/ HTTP/1.1" 200 3342
INFO 2026-05-28 18:00:41,086 log 9688 14144 "GET /admin/projects/userproject/ HTTP/1.1" 200 18996
INFO 2026-05-28 18:00:41,110 log 9688 14144 "GET /admin/jsi18n/ HTTP/1.1" 200 3342
INFO 2026-05-28 18:00:56,404 log 9688 14144 "GET /admin-panel/ HTTP/1.1" 200 9203
INFO 2026-05-28 18:01:00,332 log 9688 14144 "GET /admin-panel/projects/ HTTP/1.1" 200 7595
WARNING 2026-05-28 18:01:03,641 log 9688 14144 Forbidden: /projects/1/
WARNING 2026-05-28 18:01:03,642 log 9688 14144 "GET /projects/1/ HTTP/1.1" 403 7268
INFO 2026-05-28 18:01:06,414 log 9688 14144 "GET /dashboard/ HTTP/1.1" 200 9917
INFO 2026-05-28 18:01:10,316 log 9688 14144 "GET /chat/ HTTP/1.1" 200 7528
INFO 2026-05-28 18:01:13,955 log 9688 14144 "GET /dashboard/ HTTP/1.1" 200 9917
INFO 2026-05-28 18:01:16,288 log 9688 14144 "GET /chat/ HTTP/1.1" 200 7528
INFO 2026-05-28 18:01:23,016 log 9688 14144 "GET /admin-panel/projects/ HTTP/1.1" 200 7595
INFO 2026-05-28 18:01:24,047 log 9688 14144 "GET /moderator/queue/ HTTP/1.1" 200 7511
INFO 2026-05-28 18:01:26,431 log 9688 14144 "GET /admin/ HTTP/1.1" 200 16410
INFO 2026-05-28 18:01:45,452 log 9688 14144 "GET /admin/projects/project/add/ HTTP/1.1" 200 19861
INFO 2026-05-28 18:01:45,476 log 9688 14144 "GET /admin/jsi18n/ HTTP/1.1" 200 3342
INFO 2026-05-28 18:01:55,634 log 9688 14144 "GET /admin/projects/userproject/ HTTP/1.1" 200 18996
INFO 2026-05-28 18:01:55,656 log 9688 14144 "GET /admin/jsi18n/ HTTP/1.1" 200 3342
INFO 2026-05-28 18:01:59,294 log 9688 14144 "GET /admin/projects/userproject/1/change/ HTTP/1.1" 200 20261
INFO 2026-05-28 18:01:59,315 log 9688 14144 "GET /admin/jsi18n/ HTTP/1.1" 200 3342
INFO 2026-05-28 18:02:07,131 log 9688 14144 "POST /admin/projects/userproject/1/change/ HTTP/1.1" 302 0
INFO 2026-05-28 18:02:07,176 log 9688 14144 "GET /admin/projects/userproject/ HTTP/1.1" 200 19242
INFO 2026-05-28 18:02:07,208 log 9688 14144 "GET /admin/jsi18n/ HTTP/1.1" 200 3342
INFO 2026-05-28 18:02:23,095 log 9688 14144 "GET /admin/conversations/conversation/add/ HTTP/1.1" 200 22612
INFO 2026-05-28 18:02:23,115 log 9688 14144 "GET /admin/jsi18n/ HTTP/1.1" 200 3342
INFO 2026-05-28 18:02:58,722 log 9688 14144 "GET /dashboard/ HTTP/1.1" 200 9917
INFO 2026-05-28 18:03:00,778 log 9688 14144 "GET /chat/ HTTP/1.1" 200 7528
INFO 2026-05-28 18:03:02,036 log 9688 14144 "GET /dashboard/ HTTP/1.1" 200 9917
INFO 2026-05-28 18:03:18,671 log 9688 14144 "GET /logout/ HTTP/1.1" 302 0
INFO 2026-05-28 18:03:18,671 log 9688 14144 "GET / HTTP/1.1" 200 3575
INFO 2026-05-28 18:03:32,697 log 9688 14144 "POST / HTTP/1.1" 200 3703
INFO 2026-05-28 18:03:45,686 log 9688 14144 "POST / HTTP/1.1" 200 3703
INFO 2026-05-28 18:03:54,017 log 9688 14144 "POST / HTTP/1.1" 200 3703
INFO 2026-05-28 18:04:02,854 log 9688 14144 "POST / HTTP/1.1" 200 3703
INFO 2026-05-28 18:04:19,995 log 9688 14144 "POST / HTTP/1.1" 302 0
INFO 2026-05-28 18:04:20,016 log 9688 14144 "GET /dashboard/ HTTP/1.1" 200 9917
INFO 2026-05-28 18:04:27,719 log 9688 14144 "GET /admin-panel/users/ HTTP/1.1" 200 11449
INFO 2026-05-28 18:04:43,951 log 9688 14144 "GET /admin/ HTTP/1.1" 200 16807
INFO 2026-05-28 18:04:48,508 log 9688 14144 "GET /admin/users/user/ HTTP/1.1" 200 20803
INFO 2026-05-28 18:04:48,533 log 9688 14144 "GET /admin/jsi18n/ HTTP/1.1" 200 3342
INFO 2026-05-28 18:04:51,751 log 9688 14144 "GET /admin/users/user/2/change/ HTTP/1.1" 200 33940
INFO 2026-05-28 18:04:51,778 log 9688 20852 "GET /admin/jsi18n/ HTTP/1.1" 200 3342
INFO 2026-05-28 18:04:51,799 log 9688 1856 "GET /static/admin/js/admin/DateTimeShortcuts.js HTTP/1.1" 200 19698
INFO 2026-05-28 18:04:51,801 log 9688 14144 "GET /static/admin/js/calendar.js HTTP/1.1" 200 9159
INFO 2026-05-28 18:04:51,805 log 9688 21664 "GET /static/admin/js/SelectBox.js HTTP/1.1" 200 4530
INFO 2026-05-28 18:04:51,806 log 9688 12936 "GET /static/admin/js/SelectFilter2.js HTTP/1.1" 200 16428
INFO 2026-05-28 18:04:51,862 log 9688 12936 "GET /static/admin/img/icon-calendar.svg HTTP/1.1" 200 1112
INFO 2026-05-28 18:04:51,862 log 9688 14144 "GET /static/admin/img/icon-clock.svg HTTP/1.1" 200 805
INFO 2026-05-28 18:04:51,862 log 9688 21664 "GET /static/admin/img/selector-icons.svg HTTP/1.1" 200 2387
INFO 2026-05-28 18:05:11,828 log 9688 14144 "GET /admin/users/user/2/password/ HTTP/1.1" 200 16270
INFO 2026-05-28 18:05:11,853 log 9688 14144 "GET /static/admin/css/unusable_password_field.css HTTP/1.1" 200 663
INFO 2026-05-28 18:05:23,242 log 9688 14144 "POST /admin/users/user/2/password/ HTTP/1.1" 200 16551
INFO 2026-05-28 18:05:39,859 log 9688 14144 "POST /admin/users/user/2/password/ HTTP/1.1" 302 0
INFO 2026-05-28 18:05:39,891 log 9688 14144 "GET /admin/users/user/2/change/ HTTP/1.1" 200 34076
INFO 2026-05-28 18:05:39,915 log 9688 14144 "GET /admin/jsi18n/ HTTP/1.1" 200 3342
INFO 2026-05-28 18:05:54,950 log 9688 14144 "GET /logout/ HTTP/1.1" 302 0
INFO 2026-05-28 18:05:54,950 log 9688 14144 "GET / HTTP/1.1" 200 3575
INFO 2026-05-28 18:06:06,937 log 9688 14144 "POST / HTTP/1.1" 302 0
INFO 2026-05-28 18:06:06,945 log 9688 14144 "GET /dashboard/ HTTP/1.1" 200 8331
INFO 2026-05-28 18:06:13,809 log 9688 14144 "GET /chat/ HTTP/1.1" 200 5756
INFO 2026-05-28 18:06:16,082 log 9688 14144 "GET /dashboard/ HTTP/1.1" 200 8331
INFO 2026-05-28 18:06:18,690 log 9688 14144 "GET /chat/ HTTP/1.1" 200 5756
ERROR 2026-05-28 18:06:23,046 log 9688 14144 Internal Server Error: /my-responses/
Traceback (most recent call last):
  File "C:\Ashish Jha\ashish-jha-github\ConversationAI\venv\Lib\site-packages\django\core\handlers\exception.py", line 55, in inner
    response = get_response(request)
               ^^^^^^^^^^^^^^^^^^^^^
  File "C:\Ashish Jha\ashish-jha-github\ConversationAI\venv\Lib\site-packages\django\core\handlers\base.py", line 198, in _get_response
    response = wrapped_callback(request, *callback_args, **callback_kwargs)
               ^^^^^^^^^^^^^^^^^^^^^^^^^^^^^^^^^^^^^^^^^^^^^^^^^^^^^^^^^^^^
  File "C:\Ashish Jha\ashish-jha-github\ConversationAI\AIAssistance\apps\frontend\views.py", line 17, in wrapper
    return view_func(request, *args, **kwargs)
           ^^^^^^^^^^^^^^^^^^^^^^^^^^^^^^^^^^^
  File "C:\Ashish Jha\ashish-jha-github\ConversationAI\AIAssistance\apps\frontend\views.py", line 169, in user_responses
    return render(request, 'user/responses.html', context)
           ^^^^^^^^^^^^^^^^^^^^^^^^^^^^^^^^^^^^^^^^^^^^^^^
  File "C:\Ashish Jha\ashish-jha-github\ConversationAI\venv\Lib\site-packages\django\shortcuts.py", line 25, in render
    content = loader.render_to_string(template_name, context, request, using=using)
              ^^^^^^^^^^^^^^^^^^^^^^^^^^^^^^^^^^^^^^^^^^^^^^^^^^^^^^^^^^^^^^^^^^^^^
  File "C:\Ashish Jha\ashish-jha-github\ConversationAI\venv\Lib\site-packages\django\template\loader.py", line 62, in render_to_string
    return template.render(context, request)
           ^^^^^^^^^^^^^^^^^^^^^^^^^^^^^^^^^
  File "C:\Ashish Jha\ashish-jha-github\ConversationAI\venv\Lib\site-packages\django\template\backends\django.py", line 107, in render
    return self.template.render(context)
           ^^^^^^^^^^^^^^^^^^^^^^^^^^^^^
  File "C:\Ashish Jha\ashish-jha-github\ConversationAI\venv\Lib\site-packages\django\template\base.py", line 174, in render
    return self._render(context)
           ^^^^^^^^^^^^^^^^^^^^^
  File "C:\Ashish Jha\ashish-jha-github\ConversationAI\venv\Lib\site-packages\django\template\base.py", line 166, in _render
    return self.nodelist.render(context)
           ^^^^^^^^^^^^^^^^^^^^^^^^^^^^^
  File "C:\Ashish Jha\ashish-jha-github\ConversationAI\venv\Lib\site-packages\django\template\base.py", line 1091, in render
    return SafeString("".join([node.render_annotated(context) for node in self]))
                               ^^^^^^^^^^^^^^^^^^^^^^^^^^^^^^
  File "C:\Ashish Jha\ashish-jha-github\ConversationAI\venv\Lib\site-packages\django\template\base.py", line 1052, in render_annotated
    return self.render(context)
           ^^^^^^^^^^^^^^^^^^^^
  File "C:\Ashish Jha\ashish-jha-github\ConversationAI\venv\Lib\site-packages\django\template\loader_tags.py", line 160, in render
    return compiled_parent._render(context)
           ^^^^^^^^^^^^^^^^^^^^^^^^^^^^^^^^
  File "C:\Ashish Jha\ashish-jha-github\ConversationAI\venv\Lib\site-packages\django\template\base.py", line 166, in _render
    return self.nodelist.render(context)
           ^^^^^^^^^^^^^^^^^^^^^^^^^^^^^
  File "C:\Ashish Jha\ashish-jha-github\ConversationAI\venv\Lib\site-packages\django\template\base.py", line 1091, in render
    return SafeString("".join([node.render_annotated(context) for node in self]))
                               ^^^^^^^^^^^^^^^^^^^^^^^^^^^^^^
  File "C:\Ashish Jha\ashish-jha-github\ConversationAI\venv\Lib\site-packages\django\template\base.py", line 1052, in render_annotated
    return self.render(context)
           ^^^^^^^^^^^^^^^^^^^^
  File "C:\Ashish Jha\ashish-jha-github\ConversationAI\venv\Lib\site-packages\django\template\loader_tags.py", line 66, in render
    result = block.nodelist.render(context)
             ^^^^^^^^^^^^^^^^^^^^^^^^^^^^^^
  File "C:\Ashish Jha\ashish-jha-github\ConversationAI\venv\Lib\site-packages\django\template\base.py", line 1091, in render
    return SafeString("".join([node.render_annotated(context) for node in self]))
                               ^^^^^^^^^^^^^^^^^^^^^^^^^^^^^^
  File "C:\Ashish Jha\ashish-jha-github\ConversationAI\venv\Lib\site-packages\django\template\base.py", line 1052, in render_annotated
    return self.render(context)
           ^^^^^^^^^^^^^^^^^^^^
  File "C:\Ashish Jha\ashish-jha-github\ConversationAI\venv\Lib\site-packages\django\template\defaulttags.py", line 333, in render
    return nodelist.render(context)
           ^^^^^^^^^^^^^^^^^^^^^^^^
  File "C:\Ashish Jha\ashish-jha-github\ConversationAI\venv\Lib\site-packages\django\template\base.py", line 1091, in render
    return SafeString("".join([node.render_annotated(context) for node in self]))
                               ^^^^^^^^^^^^^^^^^^^^^^^^^^^^^^
  File "C:\Ashish Jha\ashish-jha-github\ConversationAI\venv\Lib\site-packages\django\template\base.py", line 1052, in render_annotated
    return self.render(context)
           ^^^^^^^^^^^^^^^^^^^^
  File "C:\Ashish Jha\ashish-jha-github\ConversationAI\venv\Lib\site-packages\django\template\loader_tags.py", line 66, in render
    result = block.nodelist.render(context)
             ^^^^^^^^^^^^^^^^^^^^^^^^^^^^^^
  File "C:\Ashish Jha\ashish-jha-github\ConversationAI\venv\Lib\site-packages\django\template\base.py", line 1091, in render
    return SafeString("".join([node.render_annotated(context) for node in self]))
                               ^^^^^^^^^^^^^^^^^^^^^^^^^^^^^^
  File "C:\Ashish Jha\ashish-jha-github\ConversationAI\venv\Lib\site-packages\django\template\base.py", line 1052, in render_annotated
    return self.render(context)
           ^^^^^^^^^^^^^^^^^^^^
  File "C:\Ashish Jha\ashish-jha-github\ConversationAI\venv\Lib\site-packages\django\template\defaulttags.py", line 202, in render
    len_values = len(values)
                 ^^^^^^^^^^^
  File "C:\Ashish Jha\ashish-jha-github\ConversationAI\venv\Lib\site-packages\django\db\models\query.py", line 372, in __len__
    self._fetch_all()
  File "C:\Ashish Jha\ashish-jha-github\ConversationAI\venv\Lib\site-packages\django\db\models\query.py", line 2000, in _fetch_all
    self._result_cache = list(self._iterable_class(self))
                         ^^^^^^^^^^^^^^^^^^^^^^^^^^^^^^^^
  File "C:\Ashish Jha\ashish-jha-github\ConversationAI\venv\Lib\site-packages\django\db\models\query.py", line 95, in __iter__
    results = compiler.execute_sql(
              ^^^^^^^^^^^^^^^^^^^^^
  File "C:\Ashish Jha\ashish-jha-github\ConversationAI\venv\Lib\site-packages\django\db\models\sql\compiler.py", line 1611, in execute_sql
    sql, params = self.as_sql()
                  ^^^^^^^^^^^^^
  File "C:\Ashish Jha\ashish-jha-github\ConversationAI\venv\Lib\site-packages\django\db\models\sql\compiler.py", line 767, in as_sql
    extra_select, order_by, group_by = self.pre_sql_setup(
                                       ^^^^^^^^^^^^^^^^^^^
  File "C:\Ashish Jha\ashish-jha-github\ConversationAI\venv\Lib\site-packages\django\db\models\sql\compiler.py", line 86, in pre_sql_setup
    self.setup_query(with_col_aliases=with_col_aliases)
  File "C:\Ashish Jha\ashish-jha-github\ConversationAI\venv\Lib\site-packages\django\db\models\sql\compiler.py", line 75, in setup_query
    self.select, self.klass_info, self.annotation_col_map = self.get_select(
                                                            ^^^^^^^^^^^^^^^^
  File "C:\Ashish Jha\ashish-jha-github\ConversationAI\venv\Lib\site-packages\django\db\models\sql\compiler.py", line 300, in get_select
    related_klass_infos = self.get_related_selections(select, select_mask)
                          ^^^^^^^^^^^^^^^^^^^^^^^^^^^^^^^^^^^^^^^^^^^^^^^^
  File "C:\Ashish Jha\ashish-jha-github\ConversationAI\venv\Lib\site-packages\django\db\models\sql\compiler.py", line 1397, in get_related_selections
    raise FieldError(
django.core.exceptions.FieldError: Invalid field name(s) given in select_related: 'response_approval'. Choices are: message, submitted_by, approval, moderation_queue, crm_log
ERROR 2026-05-28 18:06:23,063 log 9688 14144 "GET /my-responses/ HTTP/1.1" 500 248436
INFO 2026-05-28 18:06:26,926 autoreload 9688 1264 C:\Ashish Jha\ashish-jha-github\ConversationAI\AIAssistance\apps\frontend\views.py changed, reloading.
INFO 2026-05-28 18:06:27,783 autoreload 6112 2140 Watching for file changes with StatReloader
INFO 2026-05-28 18:06:45,794 log 6112 6336 "GET /my-responses/ HTTP/1.1" 200 5600
INFO 2026-05-28 18:06:50,297 log 6112 6336 "GET /chat/ HTTP/1.1" 200 5756
INFO 2026-05-28 18:12:01,940 autoreload 6112 2140 C:\Ashish Jha\ashish-jha-github\ConversationAI\AIAssistance\apps\frontend\views.py changed, reloading.
INFO 2026-05-28 18:12:02,663 autoreload 18020 17912 Watching for file changes with StatReloader
INFO 2026-05-28 18:12:09,460 autoreload 18020 17912 C:\Ashish Jha\ashish-jha-github\ConversationAI\AIAssistance\apps\frontend\urls.py changed, reloading.
INFO 2026-05-28 18:12:10,120 autoreload 12768 17008 Watching for file changes with StatReloader
INFO 2026-05-28 18:17:03,354 log 12768 10552 "GET /projects/ HTTP/1.1" 200 6002
INFO 2026-05-28 18:17:13,247 log 12768 10552 "GET /chat/ HTTP/1.1" 200 7835
INFO 2026-05-28 18:19:42,468 log 12768 10552 "POST /chat/new/ HTTP/1.1" 302 0
INFO 2026-05-28 18:19:42,483 log 12768 10552 "GET /chat/1/ HTTP/1.1" 200 8193
INFO 2026-05-28 18:19:48,005 log 12768 10552 "GET /chat/1/ HTTP/1.1" 200 8193
INFO 2026-05-28 18:19:56,756 log 12768 10552 "GET /projects/ HTTP/1.1" 200 6002
ERROR 2026-05-28 18:19:58,426 log 12768 10552 Internal Server Error: /dashboard/
Traceback (most recent call last):
  File "C:\Ashish Jha\ashish-jha-github\ConversationAI\venv\Lib\site-packages\django\core\handlers\exception.py", line 55, in inner
    response = get_response(request)
               ^^^^^^^^^^^^^^^^^^^^^
  File "C:\Ashish Jha\ashish-jha-github\ConversationAI\venv\Lib\site-packages\django\core\handlers\base.py", line 198, in _get_response
    response = wrapped_callback(request, *callback_args, **callback_kwargs)
               ^^^^^^^^^^^^^^^^^^^^^^^^^^^^^^^^^^^^^^^^^^^^^^^^^^^^^^^^^^^^
  File "C:\Ashish Jha\ashish-jha-github\ConversationAI\AIAssistance\apps\frontend\views.py", line 17, in wrapper
    return view_func(request, *args, **kwargs)
           ^^^^^^^^^^^^^^^^^^^^^^^^^^^^^^^^^^^
  File "C:\Ashish Jha\ashish-jha-github\ConversationAI\AIAssistance\apps\frontend\views.py", line 110, in user_dashboard
    return render(request, 'user/dashboard.html', context)
           ^^^^^^^^^^^^^^^^^^^^^^^^^^^^^^^^^^^^^^^^^^^^^^^
  File "C:\Ashish Jha\ashish-jha-github\ConversationAI\venv\Lib\site-packages\django\shortcuts.py", line 25, in render
    content = loader.render_to_string(template_name, context, request, using=using)
              ^^^^^^^^^^^^^^^^^^^^^^^^^^^^^^^^^^^^^^^^^^^^^^^^^^^^^^^^^^^^^^^^^^^^^
  File "C:\Ashish Jha\ashish-jha-github\ConversationAI\venv\Lib\site-packages\django\template\loader.py", line 62, in render_to_string
    return template.render(context, request)
           ^^^^^^^^^^^^^^^^^^^^^^^^^^^^^^^^^
  File "C:\Ashish Jha\ashish-jha-github\ConversationAI\venv\Lib\site-packages\django\template\backends\django.py", line 107, in render
    return self.template.render(context)
           ^^^^^^^^^^^^^^^^^^^^^^^^^^^^^
  File "C:\Ashish Jha\ashish-jha-github\ConversationAI\venv\Lib\site-packages\django\template\base.py", line 174, in render
    return self._render(context)
           ^^^^^^^^^^^^^^^^^^^^^
  File "C:\Ashish Jha\ashish-jha-github\ConversationAI\venv\Lib\site-packages\django\template\base.py", line 166, in _render
    return self.nodelist.render(context)
           ^^^^^^^^^^^^^^^^^^^^^^^^^^^^^
  File "C:\Ashish Jha\ashish-jha-github\ConversationAI\venv\Lib\site-packages\django\template\base.py", line 1091, in render
    return SafeString("".join([node.render_annotated(context) for node in self]))
                               ^^^^^^^^^^^^^^^^^^^^^^^^^^^^^^
  File "C:\Ashish Jha\ashish-jha-github\ConversationAI\venv\Lib\site-packages\django\template\base.py", line 1052, in render_annotated
    return self.render(context)
           ^^^^^^^^^^^^^^^^^^^^
  File "C:\Ashish Jha\ashish-jha-github\ConversationAI\venv\Lib\site-packages\django\template\loader_tags.py", line 160, in render
    return compiled_parent._render(context)
           ^^^^^^^^^^^^^^^^^^^^^^^^^^^^^^^^
  File "C:\Ashish Jha\ashish-jha-github\ConversationAI\venv\Lib\site-packages\django\template\base.py", line 166, in _render
    return self.nodelist.render(context)
           ^^^^^^^^^^^^^^^^^^^^^^^^^^^^^
  File "C:\Ashish Jha\ashish-jha-github\ConversationAI\venv\Lib\site-packages\django\template\base.py", line 1091, in render
    return SafeString("".join([node.render_annotated(context) for node in self]))
                               ^^^^^^^^^^^^^^^^^^^^^^^^^^^^^^
  File "C:\Ashish Jha\ashish-jha-github\ConversationAI\venv\Lib\site-packages\django\template\base.py", line 1052, in render_annotated
    return self.render(context)
           ^^^^^^^^^^^^^^^^^^^^
  File "C:\Ashish Jha\ashish-jha-github\ConversationAI\venv\Lib\site-packages\django\template\loader_tags.py", line 66, in render
    result = block.nodelist.render(context)
             ^^^^^^^^^^^^^^^^^^^^^^^^^^^^^^
  File "C:\Ashish Jha\ashish-jha-github\ConversationAI\venv\Lib\site-packages\django\template\base.py", line 1091, in render
    return SafeString("".join([node.render_annotated(context) for node in self]))
                               ^^^^^^^^^^^^^^^^^^^^^^^^^^^^^^
  File "C:\Ashish Jha\ashish-jha-github\ConversationAI\venv\Lib\site-packages\django\template\base.py", line 1052, in render_annotated
    return self.render(context)
           ^^^^^^^^^^^^^^^^^^^^
  File "C:\Ashish Jha\ashish-jha-github\ConversationAI\venv\Lib\site-packages\django\template\defaulttags.py", line 333, in render
    return nodelist.render(context)
           ^^^^^^^^^^^^^^^^^^^^^^^^
  File "C:\Ashish Jha\ashish-jha-github\ConversationAI\venv\Lib\site-packages\django\template\base.py", line 1091, in render
    return SafeString("".join([node.render_annotated(context) for node in self]))
                               ^^^^^^^^^^^^^^^^^^^^^^^^^^^^^^
  File "C:\Ashish Jha\ashish-jha-github\ConversationAI\venv\Lib\site-packages\django\template\base.py", line 1052, in render_annotated
    return self.render(context)
           ^^^^^^^^^^^^^^^^^^^^
  File "C:\Ashish Jha\ashish-jha-github\ConversationAI\venv\Lib\site-packages\django\template\loader_tags.py", line 66, in render
    result = block.nodelist.render(context)
             ^^^^^^^^^^^^^^^^^^^^^^^^^^^^^^
  File "C:\Ashish Jha\ashish-jha-github\ConversationAI\venv\Lib\site-packages\django\template\base.py", line 1091, in render
    return SafeString("".join([node.render_annotated(context) for node in self]))
                               ^^^^^^^^^^^^^^^^^^^^^^^^^^^^^^
  File "C:\Ashish Jha\ashish-jha-github\ConversationAI\venv\Lib\site-packages\django\template\base.py", line 1052, in render_annotated
    return self.render(context)
           ^^^^^^^^^^^^^^^^^^^^
  File "C:\Ashish Jha\ashish-jha-github\ConversationAI\venv\Lib\site-packages\django\template\defaulttags.py", line 249, in render
    nodelist.append(node.render_annotated(context))
                    ^^^^^^^^^^^^^^^^^^^^^^^^^^^^^^
  File "C:\Ashish Jha\ashish-jha-github\ConversationAI\venv\Lib\site-packages\django\template\base.py", line 1052, in render_annotated
    return self.render(context)
           ^^^^^^^^^^^^^^^^^^^^
  File "C:\Ashish Jha\ashish-jha-github\ConversationAI\venv\Lib\site-packages\django\template\defaulttags.py", line 511, in render
    url = reverse(view_name, args=args, kwargs=kwargs, current_app=current_app)
          ^^^^^^^^^^^^^^^^^^^^^^^^^^^^^^^^^^^^^^^^^^^^^^^^^^^^^^^^^^^^^^^^^^^^^
  File "C:\Ashish Jha\ashish-jha-github\ConversationAI\venv\Lib\site-packages\django\urls\base.py", line 98, in reverse
    resolved_url = resolver._reverse_with_prefix(view, prefix, *args, **kwargs)
                   ^^^^^^^^^^^^^^^^^^^^^^^^^^^^^^^^^^^^^^^^^^^^^^^^^^^^^^^^^^^^
  File "C:\Ashish Jha\ashish-jha-github\ConversationAI\venv\Lib\site-packages\django\urls\resolvers.py", line 842, in _reverse_with_prefix
    raise NoReverseMatch(msg)
django.urls.exceptions.NoReverseMatch: Reverse for 'user_chat' with arguments '(1,)' not found. 1 pattern(s) tried: ['chat/\\Z']
ERROR 2026-05-28 18:19:58,426 log 12768 10552 "GET /dashboard/ HTTP/1.1" 500 227448
INFO 2026-05-28 18:21:01,467 log 12768 10552 "GET /dashboard/ HTTP/1.1" 200 8694
INFO 2026-05-28 18:21:06,988 log 12768 10552 "GET /chat/ HTTP/1.1" 200 7977
INFO 2026-05-28 18:21:14,755 log 12768 10552 "GET /chat/1/ HTTP/1.1" 200 8193
INFO 2026-05-28 18:22:02,272 log 12768 10552 "GET /dashboard/ HTTP/1.1" 200 8694
INFO 2026-05-28 18:22:06,551 log 12768 10552 "GET /chat/1/ HTTP/1.1" 200 8193
INFO 2026-05-28 18:22:09,614 log 12768 10552 "GET /dashboard/ HTTP/1.1" 200 8694
INFO 2026-05-28 18:22:12,240 log 12768 10552 "GET /chat/1/ HTTP/1.1" 200 8193
WARNING 2026-06-06 17:26:58,302 log 24692 13824 Not Found: /static/css/style.css
WARNING 2026-06-06 17:26:58,573 log 24692 24516 Not Found: /favicon.ico
WARNING 2026-06-06 17:27:27,129 log 24692 25308 Not Found: /static/css/style.css
WARNING 2026-06-06 17:27:32,471 log 24692 24516 Not Found: /static/css/style.css
WARNING 2026-06-06 17:27:35,120 log 24692 25308 Not Found: /static/css/style.css
WARNING 2026-06-06 17:27:37,849 log 24692 24516 Not Found: /static/css/style.css
WARNING 2026-06-06 17:27:44,079 log 24692 25308 Not Found: /static/css/style.css
WARNING 2026-06-06 17:28:13,521 log 24692 24516 Not Found: /static/css/style.css
WARNING 2026-06-06 17:28:13,815 log 24692 23156 Not Found: /favicon.ico
WARNING 2026-06-06 17:28:28,330 log 24692 13824 Not Found: /static/css/style.css
WARNING 2026-06-06 17:28:42,076 log 24692 25308 Not Found: /static/css/style.css
WARNING 2026-06-06 17:29:10,571 log 24692 23156 Not Found: /static/css/style.css
WARNING 2026-06-06 17:33:15,426 log 24692 13824 Not Found: /static/css/style.css
WARNING 2026-06-06 17:33:33,422 log 24692 23156 Not Found: /static/css/style.css
WARNING 2026-06-06 17:33:38,093 log 24692 13824 Not Found: /static/admin/css/base.css
WARNING 2026-06-06 17:33:38,101 log 24692 24516 Not Found: /static/admin/css/dark_mode.css
WARNING 2026-06-06 17:33:38,107 log 24692 23156 Not Found: /static/admin/css/nav_sidebar.css
WARNING 2026-06-06 17:33:38,113 log 24692 25308 Not Found: /static/admin/css/dashboard.css
WARNING 2026-06-06 17:33:38,121 log 24692 13824 Not Found: /static/admin/js/theme.js
WARNING 2026-06-06 17:33:38,125 log 24692 24516 Not Found: /static/admin/css/responsive.css
WARNING 2026-06-06 17:33:38,136 log 24692 23156 Not Found: /static/admin/css/dashboard.css
WARNING 2026-06-06 17:33:38,141 log 24692 25308 Not Found: /static/admin/css/nav_sidebar.css
WARNING 2026-06-06 17:33:38,144 log 24692 13824 Not Found: /static/admin/js/nav_sidebar.js
WARNING 2026-06-06 17:33:56,392 log 24692 23156 Not Found: /static/admin/css/base.css
WARNING 2026-06-06 17:33:56,402 log 24692 25308 Not Found: /static/admin/css/dark_mode.css
WARNING 2026-06-06 17:33:56,406 log 24692 13824 Not Found: /static/admin/css/dashboard.css
WARNING 2026-06-06 17:33:56,413 log 24692 24516 Not Found: /static/admin/css/nav_sidebar.css
WARNING 2026-06-06 17:33:56,422 log 24692 23156 Not Found: /static/admin/js/theme.js
WARNING 2026-06-06 17:33:56,428 log 24692 25308 Not Found: /static/admin/css/responsive.css
WARNING 2026-06-06 17:33:56,441 log 24692 13824 Not Found: /static/admin/css/nav_sidebar.css
WARNING 2026-06-06 17:33:56,448 log 24692 23156 Not Found: /static/admin/js/nav_sidebar.js
WARNING 2026-06-06 17:33:56,453 log 24692 24516 Not Found: /static/admin/css/dashboard.css
WARNING 2026-06-06 17:33:56,483 log 24692 25308 Not Found: /favicon.ico
WARNING 2026-06-06 17:34:08,627 log 24692 23156 Not Found: /static/css/style.css
WARNING 2026-06-06 17:34:21,886 log 24692 25308 Not Found: /static/css/style.css
WARNING 2026-06-06 17:34:30,846 log 24692 23156 Not Found: /static/css/style.css
WARNING 2026-06-06 17:34:33,731 log 24692 25308 Not Found: /static/css/style.css
WARNING 2026-06-06 17:34:35,747 log 24692 23156 Not Found: /static/css/style.css
WARNING 2026-06-06 17:34:41,111 log 24692 25308 Not Found: /static/css/style.css
WARNING 2026-06-06 17:34:45,289 log 24692 23156 Not Found: /static/css/style.css
WARNING 2026-06-06 17:34:47,347 log 24692 25308 Not Found: /static/css/style.css
WARNING 2026-06-06 17:34:49,922 log 24692 23156 Not Found: /static/css/style.css
WARNING 2026-06-06 17:34:51,792 log 24692 25308 Not Found: /static/css/style.css
WARNING 2026-06-06 17:34:53,780 log 24692 23156 Not Found: /static/css/style.css
WARNING 2026-06-06 17:34:55,747 log 24692 25308 Not Found: /static/css/style.css
WARNING 2026-06-06 17:35:06,280 log 24692 23156 Not Found: /static/css/style.css
WARNING 2026-06-06 17:35:31,757 log 24692 25308 Not Found: /static/css/style.css
WARNING 2026-06-06 17:41:05,367 log 24692 13824 Not Found: /api/
WARNING 2026-06-06 17:41:05,419 log 24692 23156 Not Found: /favicon.ico
WARNING 2026-06-06 17:41:26,773 log 24692 13824 Not Found: /static/admin/css/base.css
WARNING 2026-06-06 17:41:26,780 log 24692 23156 Not Found: /static/admin/css/dark_mode.css
WARNING 2026-06-06 17:41:26,783 log 24692 24516 Not Found: /static/admin/js/theme.js
WARNING 2026-06-06 17:41:26,790 log 24692 25308 Not Found: /static/admin/css/nav_sidebar.css
WARNING 2026-06-06 17:41:26,797 log 24692 25308 Not Found: /static/admin/css/login.css
WARNING 2026-06-06 17:41:26,801 log 24692 23156 Not Found: /static/admin/css/responsive.css
WARNING 2026-06-06 17:41:26,809 log 24692 23156 Not Found: /static/admin/js/nav_sidebar.js
WARNING 2026-06-06 17:41:35,850 log 24692 24516 Not Found: /static/admin/css/base.css
WARNING 2026-06-06 17:41:35,857 log 24692 13824 Not Found: /static/admin/js/theme.js
WARNING 2026-06-06 17:41:35,863 log 24692 25308 Not Found: /static/admin/css/nav_sidebar.css
WARNING 2026-06-06 17:41:35,868 log 24692 23156 Not Found: /static/admin/css/dark_mode.css
WARNING 2026-06-06 17:41:35,874 log 24692 24516 Not Found: /static/admin/css/login.css
WARNING 2026-06-06 17:41:35,882 log 24692 13824 Not Found: /static/admin/css/responsive.css
WARNING 2026-06-06 17:41:35,890 log 24692 23156 Not Found: /static/admin/js/nav_sidebar.js
WARNING 2026-06-06 17:41:35,895 log 24692 25308 Not Found: /static/admin/css/nav_sidebar.css
WARNING 2026-06-06 17:41:38,250 log 24692 23156 Not Found: /static/admin/css/base.css
WARNING 2026-06-06 17:41:38,256 log 24692 24516 Not Found: /static/admin/css/login.css
WARNING 2026-06-06 17:41:38,259 log 24692 25308 Not Found: /static/admin/css/dark_mode.css
WARNING 2026-06-06 17:41:38,264 log 24692 13824 Not Found: /static/admin/css/nav_sidebar.css
WARNING 2026-06-06 17:41:38,270 log 24692 23156 Not Found: /static/admin/js/theme.js
WARNING 2026-06-06 17:41:38,276 log 24692 24516 Not Found: /static/admin/css/responsive.css
WARNING 2026-06-06 17:41:38,284 log 24692 25308 Not Found: /static/admin/js/nav_sidebar.js
WARNING 2026-06-06 17:41:38,290 log 24692 13824 Not Found: /static/admin/css/login.css
WARNING 2026-06-06 17:41:38,293 log 24692 23156 Not Found: /static/admin/css/nav_sidebar.css
WARNING 2026-06-06 17:41:50,436 log 24692 24516 Not Found: /static/admin/css/dark_mode.css
WARNING 2026-06-06 17:41:50,441 log 24692 25308 Not Found: /static/admin/css/nav_sidebar.css
WARNING 2026-06-06 17:41:50,445 log 24692 23156 Not Found: /static/admin/css/dashboard.css
WARNING 2026-06-06 17:41:50,448 log 24692 13824 Not Found: /static/admin/css/base.css
WARNING 2026-06-06 17:41:50,456 log 24692 24516 Not Found: /static/admin/js/theme.js
WARNING 2026-06-06 17:41:50,462 log 24692 25308 Not Found: /static/admin/css/responsive.css
WARNING 2026-06-06 17:41:50,472 log 24692 13824 Not Found: /static/admin/css/dashboard.css
WARNING 2026-06-06 17:41:50,477 log 24692 24516 Not Found: /static/admin/js/nav_sidebar.js
WARNING 2026-06-06 17:41:50,480 log 24692 23156 Not Found: /static/admin/css/nav_sidebar.css
INFO 2026-06-06 21:30:10,913 autoreload 25216 20772 Watching for file changes with StatReloader
INFO 2026-06-06 21:30:18,839 log 25216 25244 "GET / HTTP/1.1" 200 3575
INFO 2026-06-06 21:30:27,241 log 25216 24080 "GET /dashboard/ HTTP/1.1" 302 0
INFO 2026-06-06 21:30:27,296 log 25216 23668 "GET /chat/ HTTP/1.1" 302 0
WARNING 2026-06-06 21:30:51,359 log 24692 13824 Not Found: /static/css/style.css
INFO 2026-06-06 21:30:58,203 log 25216 23300 "GET /projects/ HTTP/1.1" 200 7184
INFO 2026-06-06 21:30:58,278 log 25216 23300 "GET /static/css/style.css HTTP/1.1" 200 11663
WARNING 2026-06-06 21:30:58,485 log 25216 23300 Not Found: /favicon.ico
WARNING 2026-06-06 21:30:58,486 log 25216 23300 "GET /favicon.ico HTTP/1.1" 404 8315
INFO 2026-06-06 21:31:02,427 log 25216 23300 "GET /dashboard/ HTTP/1.1" 200 9917
INFO 2026-06-06 21:31:18,300 log 25216 23300 "GET /projects/ HTTP/1.1" 200 7184
INFO 2026-06-06 21:31:20,144 log 25216 23300 "GET /dashboard/ HTTP/1.1" 200 9917
INFO 2026-06-06 21:31:23,033 log 25216 23300 "GET /chat/ HTTP/1.1" 200 9617
INFO 2026-06-06 21:31:30,703 log 25216 23300 "GET /my-responses/ HTTP/1.1" 200 7372
INFO 2026-06-06 21:31:34,898 log 25216 23300 "GET /chat/ HTTP/1.1" 200 9617
INFO 2026-06-06 21:31:45,723 log 25216 23300 "GET /admin-panel/projects/ HTTP/1.1" 200 7595
INFO 2026-06-06 21:31:57,829 log 25216 23300 "GET /logout/ HTTP/1.1" 302 0
INFO 2026-06-06 21:31:57,829 log 25216 23300 "GET / HTTP/1.1" 200 3575
INFO 2026-06-06 21:32:11,894 log 25216 23300 "POST / HTTP/1.1" 200 3703
INFO 2026-06-06 21:32:25,601 log 25216 23300 "POST / HTTP/1.1" 302 0
INFO 2026-06-06 21:32:25,614 log 25216 23300 "GET /dashboard/ HTTP/1.1" 200 8694
INFO 2026-06-06 21:32:30,248 log 25216 23300 "GET /chat/1/ HTTP/1.1" 200 11204
INFO 2026-06-06 21:32:32,194 log 25216 23300 "GET /chat/1/ HTTP/1.1" 200 11204
INFO 2026-06-06 21:32:48,057 log 25216 23300 "GET /chat/1/ HTTP/1.1" 200 11204
INFO 2026-06-06 21:33:02,224 log 25216 23300 "GET /projects/ HTTP/1.1" 200 6002
INFO 2026-06-06 21:33:08,422 log 25216 23300 "GET /projects/1/ HTTP/1.1" 200 6933
INFO 2026-06-06 21:33:15,604 log 25216 23300 "GET /chat/1/ HTTP/1.1" 200 11204
INFO 2026-06-06 21:33:20,655 log 25216 23300 "GET /chat/1/ HTTP/1.1" 200 11204
INFO 2026-06-06 21:33:40,183 log 25216 23300 "GET /profile/ HTTP/1.1" 200 7709
INFO 2026-06-06 21:33:44,830 log 25216 23300 "GET /dashboard/ HTTP/1.1" 200 8694
INFO 2026-06-06 21:33:55,031 log 25216 23300 "GET /projects/ HTTP/1.1" 200 6002
INFO 2026-06-06 21:33:58,813 log 25216 23300 "GET /chat/ HTTP/1.1" 200 7979
INFO 2026-06-06 21:34:09,530 log 25216 23300 "GET /chat/1/ HTTP/1.1" 200 11204
INFO 2026-06-06 21:41:15,375 autoreload 16980 5340 Watching for file changes with StatReloader
INFO 2026-06-06 21:41:17,337 log 25216 20628 "GET / HTTP/1.1" 200 3575
INFO 2026-06-06 21:41:22,907 log 25216 8652 "GET / HTTP/1.1" 200 3575
INFO 2026-06-06 21:41:52,188 log 25216 22260 "GET / HTTP/1.1" 200 3575
INFO 2026-06-06 21:41:52,858 log 25216 17964 "POST / HTTP/1.1" 302 0
INFO 2026-06-06 21:42:00,504 log 25216 21684 "GET /dashboard/ HTTP/1.1" 200 9917
INFO 2026-06-06 21:42:07,326 log 25216 17228 "GET /chat/ HTTP/1.1" 200 9617
INFO 2026-06-06 21:42:25,999 log 25216 13556 "GET /chat/ HTTP/1.1" 200 9609
INFO 2026-06-06 21:42:37,515 log 25216 19436 "POST /chat/new/ HTTP/1.1" 302 0
INFO 2026-06-06 21:42:47,702 log 25216 7092 "POST /chat/new/ HTTP/1.1" 302 0
WARNING 2026-06-06 21:42:47,724 log 25216 7092 Forbidden (CSRF token missing.): /chat/3/
WARNING 2026-06-06 21:42:47,724 log 25216 7092 "POST /chat/3/ HTTP/1.1" 403 2491
INFO 2026-06-06 21:43:09,662 log 25216 16564 "GET /chat/2/ HTTP/1.1" 200 13194
WARNING 2026-06-06 21:43:24,539 log 25216 12504 Not Found: /api/conversations/conversations/2/generate_response/
WARNING 2026-06-06 21:43:24,539 log 25216 12504 "POST /api/conversations/conversations/2/generate_response/ HTTP/1.1" 404 10686
INFO 2026-06-06 21:43:57,244 autoreload 16936 1480 Watching for file changes with StatReloader
INFO 2026-06-06 21:44:07,767 log 25216 15084 "GET / HTTP/1.1" 200 3575
INFO 2026-06-06 21:44:08,433 log 25216 16992 "POST / HTTP/1.1" 302 0
INFO 2026-06-06 21:44:33,872 llm_service 25216 19328 Generated response for conversation 2 (188 chars)
INFO 2026-06-06 21:44:33,880 views 25216 19328 Generated response for conversation 2
ERROR 2026-06-06 21:44:33,993 log 25216 19328 Internal Server Error: /api/conversations/conversations/2/generate_response
Traceback (most recent call last):
  File "C:\Ashish Jha\ashish-jha-github\ConversationAI\venv\Lib\site-packages\django\core\handlers\exception.py", line 55, in inner
    response = get_response(request)
               ^^^^^^^^^^^^^^^^^^^^^
  File "C:\Ashish Jha\ashish-jha-github\ConversationAI\venv\Lib\site-packages\django\core\handlers\base.py", line 198, in _get_response
    response = wrapped_callback(request, *callback_args, **callback_kwargs)
               ^^^^^^^^^^^^^^^^^^^^^^^^^^^^^^^^^^^^^^^^^^^^^^^^^^^^^^^^^^^^
  File "C:\Ashish Jha\ashish-jha-github\ConversationAI\venv\Lib\site-packages\django\views\decorators\csrf.py", line 65, in _view_wrapper
    return view_func(request, *args, **kwargs)
           ^^^^^^^^^^^^^^^^^^^^^^^^^^^^^^^^^^^
  File "C:\Ashish Jha\ashish-jha-github\ConversationAI\venv\Lib\site-packages\rest_framework\viewsets.py", line 125, in view
    return self.dispatch(request, *args, **kwargs)
           ^^^^^^^^^^^^^^^^^^^^^^^^^^^^^^^^^^^^^^^
  File "C:\Ashish Jha\ashish-jha-github\ConversationAI\venv\Lib\site-packages\rest_framework\views.py", line 511, in dispatch
    self.response = self.finalize_response(request, response, *args, **kwargs)
                    ^^^^^^^^^^^^^^^^^^^^^^^^^^^^^^^^^^^^^^^^^^^^^^^^^^^^^^^^^^
  File "C:\Ashish Jha\ashish-jha-github\ConversationAI\venv\Lib\site-packages\rest_framework\views.py", line 423, in finalize_response
    assert isinstance(response, HttpResponseBase), (
           ^^^^^^^^^^^^^^^^^^^^^^^^^^^^^^^^^^^^^^
AssertionError: Expected a `Response`, `HttpResponse` or `HttpStreamingResponse` to be returned from the view, but received a `<class 'apps.conversations.models.Response'>`
ERROR 2026-06-06 21:44:33,996 log 25216 19328 "POST /api/conversations/conversations/2/generate_response HTTP/1.1" 500 97235
INFO 2026-06-06 21:45:02,518 autoreload 25216 20772 C:\Ashish Jha\ashish-jha-github\ConversationAI\AIAssistance\apps\conversations\views.py changed, reloading.
INFO 2026-06-06 21:45:02,684 autoreload 16936 1480 C:\Ashish Jha\ashish-jha-github\ConversationAI\AIAssistance\apps\conversations\views.py changed, reloading.
INFO 2026-06-06 21:45:02,996 autoreload 16980 5340 C:\Ashish Jha\ashish-jha-github\ConversationAI\AIAssistance\apps\conversations\views.py changed, reloading.
INFO 2026-06-06 21:45:03,395 autoreload 7960 19744 Watching for file changes with StatReloader
INFO 2026-06-06 21:45:03,557 autoreload 13260 21616 Watching for file changes with StatReloader
INFO 2026-06-06 21:45:03,885 autoreload 14876 24196 Watching for file changes with StatReloader
INFO 2026-06-06 21:45:13,833 autoreload 7960 19744 C:\Ashish Jha\ashish-jha-github\ConversationAI\AIAssistance\apps\conversations\views.py changed, reloading.
INFO 2026-06-06 21:45:13,939 autoreload 13260 21616 C:\Ashish Jha\ashish-jha-github\ConversationAI\AIAssistance\apps\conversations\views.py changed, reloading.
INFO 2026-06-06 21:45:14,144 autoreload 14876 24196 C:\Ashish Jha\ashish-jha-github\ConversationAI\AIAssistance\apps\conversations\views.py changed, reloading.
INFO 2026-06-06 21:45:14,737 autoreload 11116 23492 Watching for file changes with StatReloader
INFO 2026-06-06 21:45:14,804 autoreload 16528 8428 Watching for file changes with StatReloader
INFO 2026-06-06 21:45:14,957 autoreload 21784 17148 Watching for file changes with StatReloader
INFO 2026-06-06 21:45:24,611 autoreload 12056 16724 Watching for file changes with StatReloader
INFO 2026-06-06 21:45:38,650 log 11116 20232 "GET / HTTP/1.1" 200 3575
INFO 2026-06-06 21:45:39,291 log 11116 5992 "POST / HTTP/1.1" 302 0
INFO 2026-06-06 21:45:45,182 llm_service 11116 24808 Generated response for conversation 2 (249 chars)
INFO 2026-06-06 21:45:45,190 views 11116 24808 Generated response for conversation 2
INFO 2026-06-06 21:45:45,194 log 11116 24808 "POST /api/conversations/conversations/2/generate_response HTTP/1.1" 200 539
INFO 2026-06-06 21:45:58,150 llm_service 11116 4200 Generated response for conversation 2 (92 chars)
INFO 2026-06-06 21:45:58,158 views 11116 4200 Generated response for conversation 2
INFO 2026-06-06 21:45:58,160 log 11116 4200 "POST /api/conversations/conversations/2/generate_response HTTP/1.1" 200 399
INFO 2026-06-06 21:46:12,928 llm_service 11116 21284 Generated response for conversation 2 (142 chars)
INFO 2026-06-06 21:46:12,934 views 11116 21284 Generated response for conversation 2
INFO 2026-06-06 21:46:12,936 log 11116 21284 "POST /api/conversations/conversations/2/generate_response HTTP/1.1" 200 473
WARNING 2026-06-06 21:46:23,246 log 11116 8228 Bad Request: /api/conversations/conversations/2/generate_response
WARNING 2026-06-06 21:46:23,246 log 11116 8228 "POST /api/conversations/conversations/2/generate_response HTTP/1.1" 400 52
WARNING 2026-06-06 21:46:23,336 log 11116 22760 Bad Request: /api/conversations/conversations/2/generate_response
WARNING 2026-06-06 21:46:23,336 log 11116 22760 "POST /api/conversations/conversations/2/generate_response HTTP/1.1" 400 47
WARNING 2026-06-06 21:46:23,436 log 11116 15528 Not Found: /api/conversations/conversations/9999/generate_response
WARNING 2026-06-06 21:46:23,436 log 11116 15528 "POST /api/conversations/conversations/9999/generate_response HTTP/1.1" 404 68
INFO 2026-06-06 21:47:27,984 log 11116 20888 "GET /dashboard/ HTTP/1.1" 200 8694
INFO 2026-06-06 21:47:30,608 log 11116 20888 "GET /dashboard/ HTTP/1.1" 200 8694
INFO 2026-06-06 21:47:35,883 log 11116 20888 "GET /chat/1/ HTTP/1.1" 200 11203
INFO 2026-06-06 21:47:39,190 log 11116 20888 "GET /chat/1/ HTTP/1.1" 200 11203
INFO 2026-06-06 21:48:54,201 log 11116 20888 "GET /dashboard/ HTTP/1.1" 200 8694
INFO 2026-06-06 21:49:07,065 log 11116 20888 "GET /chat/ HTTP/1.1" 200 7979
INFO 2026-06-06 21:49:14,712 log 11116 20888 "GET /chat/1/ HTTP/1.1" 200 11203
INFO 2026-06-06 21:49:23,895 log 11116 20888 "GET /chat/ HTTP/1.1" 200 7979
INFO 2026-06-06 21:49:37,492 log 11116 20888 "POST /chat/new/ HTTP/1.1" 302 0
INFO 2026-06-06 21:49:37,492 log 11116 20888 "GET /chat/4/ HTTP/1.1" 200 11449
INFO 2026-06-06 21:50:13,858 log 11116 20888 "GET /my-responses/ HTTP/1.1" 200 5600
INFO 2026-06-06 21:50:15,777 log 11116 20888 "GET /chat/ HTTP/1.1" 200 8225
INFO 2026-06-06 21:50:17,506 log 11116 20888 "GET /chat/1/ HTTP/1.1" 200 11449
INFO 2026-06-06 21:50:30,568 log 11116 20888 "GET /chat/4/ HTTP/1.1" 200 11449
INFO 2026-06-06 21:50:34,532 log 11116 20888 "GET /chat/1/ HTTP/1.1" 200 11449
INFO 2026-06-06 21:50:36,250 log 11116 20888 "GET /chat/4/ HTTP/1.1" 200 11449
INFO 2026-06-06 21:50:48,833 log 11116 20888 "GET /logout/ HTTP/1.1" 302 0
INFO 2026-06-06 21:50:48,833 log 11116 20888 "GET / HTTP/1.1" 200 3575
INFO 2026-06-06 21:50:52,263 log 11116 20888 "GET / HTTP/1.1" 200 3575
INFO 2026-06-06 21:50:52,336 log 11116 20888 "GET /static/css/style.css HTTP/1.1" 200 11663
WARNING 2026-06-06 21:50:52,548 log 11116 20888 Not Found: /favicon.ico
WARNING 2026-06-06 21:50:52,548 log 11116 20888 "GET /favicon.ico HTTP/1.1" 404 8315
INFO 2026-06-06 21:54:07,460 log 11116 20888 "POST / HTTP/1.1" 302 0
INFO 2026-06-06 21:54:07,472 log 11116 20888 "GET /dashboard/ HTTP/1.1" 200 9429
INFO 2026-06-06 21:54:07,492 log 11116 20888 "GET /static/js/api.js HTTP/1.1" 200 11550
INFO 2026-06-06 21:54:15,228 log 11116 20888 "GET /chat/1/ HTTP/1.1" 200 11552
INFO 2026-06-06 21:54:15,244 log 11116 20888 "GET /static/js/api.js HTTP/1.1" 304 0
INFO 2026-06-06 21:54:17,692 log 11116 20888 "GET /chat/4/ HTTP/1.1" 200 11552
INFO 2026-06-06 21:54:27,796 llm_service 11116 20888 Generated response for conversation 4 (34 chars)
INFO 2026-06-06 21:54:27,803 views 11116 20888 Generated response for conversation 4
INFO 2026-06-06 21:54:27,806 log 11116 20888 "POST /api/conversations/conversations/4/generate_response HTTP/1.1" 200 308
INFO 2026-06-06 21:55:48,030 llm_service 11116 20888 Generated response for conversation 4 (781 chars)
INFO 2026-06-06 21:55:48,039 views 11116 20888 Generated response for conversation 4
INFO 2026-06-06 21:55:48,040 log 11116 20888 "POST /api/conversations/conversations/4/generate_response HTTP/1.1" 200 1156
INFO 2026-06-06 21:57:12,323 llm_service 11116 20888 Generated response for conversation 4 (1327 chars)
INFO 2026-06-06 21:57:12,333 views 11116 20888 Generated response for conversation 4
INFO 2026-06-06 21:57:12,336 log 11116 20888 "POST /api/conversations/conversations/4/generate_response HTTP/1.1" 200 1702
INFO 2026-06-06 21:58:09,495 log 11116 20888 "GET /chat/ HTTP/1.1" 200 8328
INFO 2026-06-06 21:58:09,519 log 11116 20888 "GET /static/js/api.js HTTP/1.1" 304 0
INFO 2026-06-06 21:58:11,690 log 11116 20888 "GET /chat/4/ HTTP/1.1" 200 15513
INFO 2026-06-06 21:58:56,224 log 11116 20888 "GET /chat/1/ HTTP/1.1" 200 11552
INFO 2026-06-06 21:58:56,236 log 11116 20888 "GET /static/js/api.js HTTP/1.1" 304 0
INFO 2026-06-06 21:58:59,289 log 11116 20888 "GET /chat/1/ HTTP/1.1" 200 11552
INFO 2026-06-06 21:59:00,523 log 11116 20888 "GET /chat/4/ HTTP/1.1" 200 15513
INFO 2026-06-06 21:59:01,937 log 11116 20888 "GET /logout/ HTTP/1.1" 302 0
INFO 2026-06-06 21:59:01,947 log 11116 20888 "GET / HTTP/1.1" 200 3678
INFO 2026-06-06 22:03:57,621 log 11116 6736 "GET / HTTP/1.1" 200 3678
INFO 2026-06-06 22:03:57,682 log 11116 6736 "GET /static/css/style.css HTTP/1.1" 200 11663
INFO 2026-06-06 22:03:57,682 log 11116 11564 "GET /static/js/api.js HTTP/1.1" 200 11550
WARNING 2026-06-06 22:03:58,015 log 11116 11564 Not Found: /favicon.ico
WARNING 2026-06-06 22:03:58,017 log 11116 11564 "GET /favicon.ico HTTP/1.1" 404 8315
INFO 2026-06-06 22:15:46,490 autoreload 11116 23492 C:\Ashish Jha\ashish-jha-github\ConversationAI\AIAssistance\apps\integrations\llm_service.py changed, reloading.
INFO 2026-06-06 22:15:47,943 autoreload 26260 25088 Watching for file changes with StatReloader
INFO 2026-06-06 22:25:10,480 log 16528 18308 "POST / HTTP/1.1" 302 0
INFO 2026-06-06 22:25:10,549 log 16528 18308 "GET /dashboard/ HTTP/1.1" 200 9429
INFO 2026-06-06 22:25:10,592 log 16528 18308 "GET /static/js/api.js HTTP/1.1" 304 0
INFO 2026-06-06 22:25:18,386 log 16528 18308 "GET /chat/1/ HTTP/1.1" 200 11549
INFO 2026-06-06 22:25:20,570 log 16528 18308 "GET /chat/4/ HTTP/1.1" 200 15507
INFO 2026-06-06 22:25:40,919 log 16528 18308 "GET /my-responses/ HTTP/1.1" 200 5703
INFO 2026-06-06 22:26:08,883 log 16528 18308 "GET /chat/ HTTP/1.1" 200 8328
INFO 2026-06-06 22:26:10,401 log 16528 18308 "GET /chat/4/ HTTP/1.1" 200 15507
INFO 2026-06-06 22:28:55,064 log 16528 13108 "GET /chat/4/ HTTP/1.1" 302 0
INFO 2026-06-06 22:29:32,855 llm_service 16528 19572 Generated response for conversation 4 (2097 chars)
INFO 2026-06-06 22:29:32,863 views 16528 19572 Generated response for conversation 4
INFO 2026-06-06 22:29:32,868 log 16528 19572 "POST /api/conversations/conversations/4/generate_response HTTP/1.1" 200 2522
INFO 2026-06-06 22:33:07,167 log 16528 4536 "GET /chat/4/ HTTP/1.1" 200 24440
INFO 2026-06-06 22:33:07,186 log 16528 4536 "GET /static/js/api.js HTTP/1.1" 304 0
INFO 2026-06-06 22:34:17,962 llm_service 16528 4536 Generated response for conversation 4 (1634 chars)
INFO 2026-06-06 22:34:17,971 views 16528 4536 Generated response for conversation 4
INFO 2026-06-06 22:34:17,978 log 16528 4536 "POST /api/conversations/conversations/4/generate_response HTTP/1.1" 200 1964
INFO 2026-06-06 22:35:21,544 log 16528 4536 "GET /my-responses/ HTTP/1.1" 200 5703
INFO 2026-06-06 22:35:23,791 log 16528 4536 "GET /chat/ HTTP/1.1" 200 11507
INFO 2026-06-06 22:35:25,705 log 16528 4536 "GET /chat/1/ HTTP/1.1" 200 17453
INFO 2026-06-06 22:35:28,320 log 16528 4536 "GET /chat/4/ HTTP/1.1" 200 26749
INFO 2026-06-06 22:36:13,279 log 16528 4536 "GET /logout/ HTTP/1.1" 302 0
INFO 2026-06-06 22:36:13,289 log 16528 4536 "GET / HTTP/1.1" 200 3678
INFO 2026-06-06 22:36:41,793 log 16528 4536 "POST / HTTP/1.1" 302 0
INFO 2026-06-06 22:36:41,824 log 16528 4536 "GET /dashboard/ HTTP/1.1" 200 11177
INFO 2026-06-06 22:36:45,735 log 16528 4536 "GET /my-responses/ HTTP/1.1" 200 7475
INFO 2026-06-06 22:36:51,953 log 16528 4536 "GET /moderator/history/ HTTP/1.1" 200 7520
INFO 2026-06-06 22:36:55,612 log 16528 4536 "GET /moderator/ HTTP/1.1" 200 8424
INFO 2026-06-06 22:37:00,799 log 16528 4536 "GET /moderator/queue/ HTTP/1.1" 200 7614
INFO 2026-06-06 22:37:04,867 log 16528 4536 "GET /chat/ HTTP/1.1" 200 13261
INFO 2026-06-06 22:37:06,672 log 16528 4536 "GET /chat/3/ HTTP/1.1" 200 19199
INFO 2026-06-06 22:37:06,701 log 16528 4536 "GET /static/js/api.js HTTP/1.1" 304 0
INFO 2026-06-06 22:37:10,641 log 16528 4536 "GET /chat/2/ HTTP/1.1" 200 22404
INFO 2026-06-06 22:37:24,409 log 16528 4536 "GET /projects/ HTTP/1.1" 200 7877
INFO 2026-06-06 22:37:33,622 log 16528 4536 "GET /admin-panel/projects/ HTTP/1.1" 200 7698
INFO 2026-06-06 22:37:44,680 log 16528 4536 "GET /projects/ HTTP/1.1" 200 7877
INFO 2026-06-06 22:37:46,581 log 16528 4536 "GET /projects/1/ HTTP/1.1" 200 9136
INFO 2026-06-06 22:37:57,658 log 16528 4536 "GET /dashboard/ HTTP/1.1" 200 11177
INFO 2026-06-06 22:38:02,248 log 16528 4536 "GET /projects/ HTTP/1.1" 200 7877
INFO 2026-06-06 22:38:08,398 log 16528 4536 "GET /admin-panel/ HTTP/1.1" 200 9306
INFO 2026-06-06 22:38:30,799 log 16528 4536 "GET /admin-panel/projects/ HTTP/1.1" 200 7698
INFO 2026-06-06 22:38:33,139 log 16528 4536 "GET /projects/1/ HTTP/1.1" 200 9136
INFO 2026-06-06 22:38:43,701 log 16528 4536 "GET /moderator/queue/ HTTP/1.1" 200 7614
INFO 2026-06-06 22:38:45,697 log 16528 4536 "GET /moderator/history/ HTTP/1.1" 200 7520
INFO 2026-06-06 22:38:47,402 log 16528 4536 "GET /my-responses/ HTTP/1.1" 200 7475
INFO 2026-06-06 22:38:49,361 log 16528 4536 "GET /projects/ HTTP/1.1" 200 7877
INFO 2026-06-06 22:41:23,077 log 16528 20900 "GET /admin/ HTTP/1.1" 200 17178
INFO 2026-06-06 22:41:23,544 log 16528 15368 "GET /static/admin/css/dashboard.css HTTP/1.1" 200 441
INFO 2026-06-06 22:41:23,548 log 16528 20900 "GET /static/admin/css/base.css HTTP/1.1" 200 23100
INFO 2026-06-06 22:41:23,550 log 16528 13528 "GET /static/admin/css/nav_sidebar.css HTTP/1.1" 200 2810
INFO 2026-06-06 22:41:23,556 log 16528 15368 "GET /static/admin/css/responsive.css HTTP/1.1" 200 16273
INFO 2026-06-06 22:41:23,565 log 16528 17436 "GET /static/admin/css/dark_mode.css HTTP/1.1" 200 3538
INFO 2026-06-06 22:41:23,575 log 16528 23668 "GET /static/admin/js/nav_sidebar.js HTTP/1.1" 200 3063
INFO 2026-06-06 22:41:23,575 log 16528 22752 "GET /static/admin/js/theme.js HTTP/1.1" 200 1653
INFO 2026-06-06 22:41:23,603 log 16528 17436 "GET /static/admin/img/icon-changelink.svg HTTP/1.1" 200 978
INFO 2026-06-06 22:41:23,603 log 16528 15368 "GET /static/admin/img/icon-addlink.svg HTTP/1.1" 200 593
INFO 2026-06-06 22:41:31,046 log 16528 20900 "GET /admin/projects/project/ HTTP/1.1" 200 19222
INFO 2026-06-06 22:41:31,102 log 16528 15368 "GET /static/admin/css/changelists.css HTTP/1.1" 200 7498
INFO 2026-06-06 22:41:31,111 log 16528 13528 "GET /static/admin/js/jquery.init.js HTTP/1.1" 200 347
INFO 2026-06-06 22:41:31,121 log 16528 22752 "GET /static/admin/js/core.js HTTP/1.1" 200 6208
INFO 2026-06-06 22:41:31,151 log 16528 20900 "GET /static/admin/js/admin/RelatedObjectLookups.js HTTP/1.1" 200 9777
INFO 2026-06-06 22:41:31,157 log 16528 22752 "GET /static/admin/js/prepopulate.js HTTP/1.1" 200 1531
INFO 2026-06-06 22:41:31,161 log 16528 13528 "GET /static/admin/js/urlify.js HTTP/1.1" 200 7887
INFO 2026-06-06 22:41:31,177 log 16528 15368 "GET /static/admin/js/actions.js HTTP/1.1" 200 8076
INFO 2026-06-06 22:41:31,186 log 16528 17436 "GET /admin/jsi18n/ HTTP/1.1" 200 3342
INFO 2026-06-06 22:41:31,191 log 16528 22752 "GET /static/admin/js/filters.js HTTP/1.1" 200 978
INFO 2026-06-06 22:41:31,231 log 16528 23668 "GET /static/admin/js/vendor/jquery/jquery.js HTTP/1.1" 200 285314
INFO 2026-06-06 22:41:31,433 log 16528 20900 "GET /static/admin/js/vendor/xregexp/xregexp.js HTTP/1.1" 200 325171
INFO 2026-06-06 22:41:31,452 log 16528 23668 "GET /static/admin/img/search.svg HTTP/1.1" 200 607
INFO 2026-06-06 22:41:31,454 log 16528 15368 "GET /static/admin/img/icon-yes.svg HTTP/1.1" 200 558
INFO 2026-06-06 22:41:31,482 log 16528 15368 "GET /static/admin/img/icon-viewlink.svg HTTP/1.1" 200 928
INFO 2026-06-06 22:41:31,484 log 16528 23668 "GET /static/admin/img/tooltag-add.svg HTTP/1.1" 200 593
INFO 2026-06-06 22:41:31,487 log 16528 13528 "GET /static/admin/img/sorting-icons.svg HTTP/1.1" 200 1761
INFO 2026-06-06 22:41:37,864 log 16528 20900 "GET /admin/projects/userproject/ HTTP/1.1" 200 19516
INFO 2026-06-06 22:41:37,903 log 16528 23668 "GET /admin/jsi18n/ HTTP/1.1" 200 3342
INFO 2026-06-06 22:41:51,198 log 16528 20900 "GET /admin/integrations/crmlog/ HTTP/1.1" 200 17278
INFO 2026-06-06 22:41:51,237 log 16528 23668 "GET /admin/jsi18n/ HTTP/1.1" 200 3342
INFO 2026-06-06 22:41:53,846 log 16528 20900 "GET /admin/integrations/geminilog/ HTTP/1.1" 200 16899
INFO 2026-06-06 22:41:53,874 log 16528 23668 "GET /admin/jsi18n/ HTTP/1.1" 200 3342
INFO 2026-06-06 22:41:55,909 log 16528 20900 "GET /admin/conversations/response/ HTTP/1.1" 200 17167
INFO 2026-06-06 22:41:55,945 log 16528 23668 "GET /admin/jsi18n/ HTTP/1.1" 200 3342
INFO 2026-06-06 22:41:57,778 log 16528 20900 "GET /admin/conversations/responseapproval/ HTTP/1.1" 200 17430
INFO 2026-06-06 22:41:57,810 log 16528 23668 "GET /admin/jsi18n/ HTTP/1.1" 200 3342
INFO 2026-06-06 22:41:59,606 log 16528 20900 "GET /admin/conversations/message/ HTTP/1.1" 200 29804
INFO 2026-06-06 22:41:59,638 log 16528 23668 "GET /admin/jsi18n/ HTTP/1.1" 200 3342
INFO 2026-06-06 22:41:59,664 log 16528 23668 "GET /static/admin/img/icon-no.svg HTTP/1.1" 200 645
INFO 2026-06-06 22:42:11,245 log 16528 20900 "POST /admin/logout/ HTTP/1.1" 200 3475
WARNING 2026-06-10 10:42:52,062 log 20556 26400 Not Found: /static/css/style.css
WARNING 2026-06-10 10:42:52,063 log 20556 25152 Not Found: /static/js/api.js
WARNING 2026-06-10 10:42:52,694 log 20556 30784 Not Found: /favicon.ico
WARNING 2026-06-10 10:42:53,334 log 20556 31428 Not Found: /static/js/api.js
WARNING 2026-06-10 10:43:06,650 log 20556 25152 Not Found: /static/css/style.css
WARNING 2026-06-10 10:43:06,662 log 20556 30784 Not Found: /static/js/api.js
WARNING 2026-06-10 10:43:06,679 log 20556 31428 Not Found: /static/js/api.js
WARNING 2026-06-10 10:43:24,767 log 20556 30784 Not Found: /static/css/style.css
WARNING 2026-06-10 10:43:24,777 log 20556 31428 Not Found: /static/js/api.js
WARNING 2026-06-10 10:43:25,705 log 20556 26400 Not Found: /static/js/api.js
WARNING 2026-06-10 10:43:34,556 log 20556 30784 Not Found: /static/css/style.css
WARNING 2026-06-10 10:43:34,566 log 20556 31428 Not Found: /static/js/api.js
WARNING 2026-06-10 10:43:34,589 log 20556 26400 Not Found: /static/js/api.js
WARNING 2026-06-10 10:43:37,370 log 20556 30784 Not Found: /static/css/style.css
WARNING 2026-06-10 10:43:37,377 log 20556 31428 Not Found: /static/js/api.js
WARNING 2026-06-10 10:43:37,747 log 20556 26400 Not Found: /static/js/api.js
WARNING 2026-06-10 10:43:43,064 log 20556 30784 Not Found: /static/css/style.css
WARNING 2026-06-10 10:43:43,072 log 20556 31428 Not Found: /static/js/api.js
WARNING 2026-06-10 10:43:43,121 log 20556 26400 Not Found: /static/js/api.js
WARNING 2026-06-10 10:43:47,164 log 20556 30784 Not Found: /static/css/style.css
WARNING 2026-06-10 10:43:47,177 log 20556 31428 Not Found: /static/js/api.js
WARNING 2026-06-10 10:43:48,031 log 20556 26400 Not Found: /static/js/api.js
WARNING 2026-06-10 10:44:00,716 log 20556 30784 Not Found: /static/css/style.css
WARNING 2026-06-10 10:44:00,726 log 20556 31428 Not Found: /static/js/api.js
WARNING 2026-06-10 10:44:00,739 log 20556 26400 Not Found: /static/js/api.js
WARNING 2026-06-10 10:44:21,120 log 20556 30784 Not Found: /static/css/style.css
WARNING 2026-06-10 10:44:21,132 log 20556 31428 Not Found: /static/js/api.js
WARNING 2026-06-10 10:44:21,168 log 20556 26400 Not Found: /static/js/api.js
WARNING 2026-06-10 10:44:23,752 log 20556 30784 Not Found: /static/css/style.css
WARNING 2026-06-10 10:44:23,765 log 20556 31428 Not Found: /static/js/api.js
WARNING 2026-06-10 10:44:23,785 log 20556 26400 Not Found: /static/js/api.js
WARNING 2026-06-10 10:44:27,426 log 20556 30784 Not Found: /static/css/style.css
WARNING 2026-06-10 10:44:27,438 log 20556 31428 Not Found: /static/js/api.js
WARNING 2026-06-10 10:44:28,081 log 20556 26400 Not Found: /static/js/api.js
WARNING 2026-06-10 10:44:38,968 log 20556 30784 Not Found: /static/css/style.css
WARNING 2026-06-10 10:44:38,981 log 20556 31428 Not Found: /static/js/api.js
WARNING 2026-06-10 10:44:39,238 log 20556 26400 Not Found: /static/js/api.js
WARNING 2026-06-10 10:44:39,627 log 20556 25152 Not Found: /favicon.ico
WARNING 2026-06-10 10:44:45,746 log 20556 31428 Not Found: /static/css/style.css
WARNING 2026-06-10 10:44:45,760 log 20556 26400 Not Found: /static/js/api.js
WARNING 2026-06-10 10:44:46,457 log 20556 25152 Not Found: /static/js/api.js
WARNING 2026-06-10 10:44:48,107 log 20556 26400 Not Found: /static/js/api.js
WARNING 2026-06-10 10:44:48,120 log 20556 31428 Not Found: /static/css/style.css
WARNING 2026-06-10 10:44:49,546 log 20556 26400 Not Found: /static/js/api.js
WARNING 2026-06-10 10:44:49,559 log 20556 30784 Not Found: /static/css/style.css
WARNING 2026-06-10 10:44:53,514 log 20556 31428 Not Found: /static/js/api.js
WARNING 2026-06-10 10:44:53,540 log 20556 25152 Not Found: /static/js/api.js
WARNING 2026-06-10 10:44:56,927 log 20556 30784 Not Found: /static/css/style.css
WARNING 2026-06-10 10:44:56,940 log 20556 31428 Not Found: /static/js/api.js
WARNING 2026-06-10 10:45:01,042 log 20556 25152 Not Found: /static/js/api.js
WARNING 2026-06-10 10:45:21,467 log 20556 30784 Not Found: /static/admin/css/base.css
WARNING 2026-06-10 10:45:21,477 log 20556 26400 Not Found: /static/admin/css/dashboard.css
WARNING 2026-06-10 10:45:21,492 log 20556 31428 Not Found: /static/admin/css/dark_mode.css
WARNING 2026-06-10 10:45:21,505 log 20556 25152 Not Found: /static/admin/css/nav_sidebar.css
WARNING 2026-06-10 10:45:21,518 log 20556 30784 Not Found: /static/admin/js/theme.js
WARNING 2026-06-10 10:45:21,541 log 20556 26400 Not Found: /static/admin/css/responsive.css
WARNING 2026-06-10 10:45:21,561 log 20556 30784 Not Found: /static/admin/css/dashboard.css
WARNING 2026-06-10 10:45:21,574 log 20556 25152 Not Found: /static/admin/css/nav_sidebar.css
WARNING 2026-06-10 10:45:21,587 log 20556 31428 Not Found: /static/admin/js/nav_sidebar.js
WARNING 2026-06-10 10:45:21,602 log 20556 26400 Not Found: /static/admin/js/theme.js
WARNING 2026-06-10 10:45:24,738 log 20556 30784 Not Found: /static/admin/js/nav_sidebar.js
WARNING 2026-06-10 10:45:38,625 log 20556 26400 Not Found: /static/admin/css/dark_mode.css
WARNING 2026-06-10 10:45:38,640 log 20556 31428 Not Found: /static/admin/css/base.css
WARNING 2026-06-10 10:45:38,656 log 20556 30784 Not Found: /static/admin/js/theme.js
WARNING 2026-06-10 10:45:38,664 log 20556 25152 Not Found: /static/admin/css/nav_sidebar.css
WARNING 2026-06-10 10:45:38,705 log 20556 31428 Not Found: /static/admin/css/changelists.css
WARNING 2026-06-10 10:45:38,720 log 20556 30784 Not Found: /static/admin/css/responsive.css
WARNING 2026-06-10 10:45:38,738 log 20556 25152 Not Found: /static/admin/js/vendor/jquery/jquery.js
WARNING 2026-06-10 10:45:38,754 log 20556 30784 Not Found: /static/admin/js/jquery.init.js
WARNING 2026-06-10 10:45:38,777 log 20556 31428 Not Found: /static/admin/js/core.js
WARNING 2026-06-10 10:45:38,793 log 20556 25152 Not Found: /static/admin/js/actions.js
WARNING 2026-06-10 10:45:38,811 log 20556 30784 Not Found: /static/admin/js/admin/RelatedObjectLookups.js
WARNING 2026-06-10 10:45:38,825 log 20556 26400 Not Found: /static/admin/js/urlify.js
WARNING 2026-06-10 10:45:38,857 log 20556 31428 Not Found: /static/admin/js/prepopulate.js
WARNING 2026-06-10 10:45:38,891 log 20556 30784 Not Found: /static/admin/img/search.svg
WARNING 2026-06-10 10:45:38,911 log 20556 25152 Not Found: /static/admin/js/vendor/xregexp/xregexp.js
WARNING 2026-06-10 10:45:38,929 log 20556 31428 Not Found: /static/admin/img/icon-yes.svg
WARNING 2026-06-10 10:45:38,971 log 20556 30784 Not Found: /static/admin/css/responsive.css
WARNING 2026-06-10 10:45:38,992 log 20556 26400 Not Found: /static/admin/js/filters.js
WARNING 2026-06-10 10:45:38,995 log 20556 25152 Not Found: /static/admin/js/nav_sidebar.js
WARNING 2026-06-10 10:45:39,096 log 20556 31428 Not Found: /static/admin/js/theme.js
WARNING 2026-06-10 10:45:39,255 log 20556 30784 Not Found: /static/admin/js/vendor/jquery/jquery.js
WARNING 2026-06-10 10:45:39,294 log 20556 31428 Not Found: /static/admin/js/actions.js
WARNING 2026-06-10 10:45:39,297 log 20556 26400 Not Found: /static/admin/js/jquery.init.js
WARNING 2026-06-10 10:45:39,313 log 20556 25152 Not Found: /static/admin/js/core.js
WARNING 2026-06-10 10:45:39,383 log 20556 31428 Not Found: /static/admin/js/admin/RelatedObjectLookups.js
WARNING 2026-06-10 10:45:39,384 log 20556 30784 Not Found: /static/admin/js/urlify.js
WARNING 2026-06-10 10:45:39,518 log 20556 26400 Not Found: /static/admin/js/prepopulate.js
WARNING 2026-06-10 10:45:39,628 log 20556 25152 Not Found: /static/admin/js/vendor/xregexp/xregexp.js
WARNING 2026-06-10 10:45:39,778 log 20556 31428 Not Found: /static/admin/js/filters.js
WARNING 2026-06-10 10:45:39,793 log 20556 30784 Not Found: /static/admin/js/nav_sidebar.js
WARNING 2026-06-10 10:45:56,114 log 20556 25152 Not Found: /static/admin/css/base.css
WARNING 2026-06-10 10:45:56,126 log 20556 30784 Not Found: /static/admin/css/forms.css
WARNING 2026-06-10 10:45:56,136 log 20556 31428 Not Found: /static/admin/css/nav_sidebar.css
WARNING 2026-06-10 10:45:56,151 log 20556 26400 Not Found: /static/admin/css/dark_mode.css
WARNING 2026-06-10 10:45:56,161 log 20556 25152 Not Found: /static/admin/js/theme.js
WARNING 2026-06-10 10:45:56,173 log 20556 30784 Not Found: /static/admin/js/calendar.js
WARNING 2026-06-10 10:45:56,185 log 20556 31428 Not Found: /static/admin/css/responsive.css
WARNING 2026-06-10 10:45:56,205 log 20556 30784 Not Found: /static/admin/js/vendor/jquery/jquery.js
WARNING 2026-06-10 10:45:56,217 log 20556 25152 Not Found: /static/admin/js/jquery.init.js
WARNING 2026-06-10 10:45:56,229 log 20556 31428 Not Found: /static/admin/js/admin/DateTimeShortcuts.js
WARNING 2026-06-10 10:45:56,249 log 20556 30784 Not Found: /static/admin/js/SelectBox.js
WARNING 2026-06-10 10:45:56,271 log 20556 25152 Not Found: /static/admin/css/nav_sidebar.css
WARNING 2026-06-10 10:45:56,285 log 20556 31428 Not Found: /static/admin/css/forms.css
WARNING 2026-06-10 10:45:56,299 log 20556 30784 Not Found: /static/admin/js/core.js
WARNING 2026-06-10 10:45:56,319 log 20556 26400 Not Found: /static/admin/js/SelectFilter2.js
WARNING 2026-06-10 10:45:56,329 log 20556 25152 Not Found: /static/admin/js/admin/RelatedObjectLookups.js
WARNING 2026-06-10 10:45:56,341 log 20556 30784 Not Found: /static/admin/js/urlify.js
WARNING 2026-06-10 10:45:56,352 log 20556 31428 Not Found: /static/admin/js/actions.js
WARNING 2026-06-10 10:45:56,370 log 20556 26400 Not Found: /static/admin/js/prepopulate.js
WARNING 2026-06-10 10:45:56,388 log 20556 25152 Not Found: /static/admin/js/vendor/xregexp/xregexp.js
WARNING 2026-06-10 10:45:56,394 log 20556 30784 Not Found: /static/admin/js/prepopulate_init.js
WARNING 2026-06-10 10:45:56,418 log 20556 30784 Not Found: /static/admin/js/change_form.js
WARNING 2026-06-10 10:45:56,437 log 20556 31428 Not Found: /static/admin/js/nav_sidebar.js
WARNING 2026-06-10 10:45:56,429 log 20556 25152 Not Found: /static/admin/img/icon-addlink.svg
WARNING 2026-06-10 10:45:56,447 log 20556 26400 Not Found: /static/admin/css/responsive.css
WARNING 2026-06-10 10:45:58,077 log 20556 30784 Not Found: /static/admin/js/calendar.js
WARNING 2026-06-10 10:45:58,088 log 20556 31428 Not Found: /static/admin/js/theme.js
WARNING 2026-06-10 10:45:58,096 log 20556 25152 Not Found: /static/admin/js/vendor/jquery/jquery.js
WARNING 2026-06-10 10:45:58,107 log 20556 26400 Not Found: /static/admin/js/jquery.init.js
WARNING 2026-06-10 10:45:58,120 log 20556 30784 Not Found: /static/admin/js/SelectBox.js
WARNING 2026-06-10 10:45:58,138 log 20556 31428 Not Found: /static/admin/js/admin/DateTimeShortcuts.js
WARNING 2026-06-10 10:45:58,152 log 20556 26400 Not Found: /static/admin/js/SelectFilter2.js
WARNING 2026-06-10 10:45:58,163 log 20556 30784 Not Found: /static/admin/js/core.js
WARNING 2026-06-10 10:45:58,189 log 20556 31428 Not Found: /static/admin/js/admin/RelatedObjectLookups.js
WARNING 2026-06-10 10:45:58,204 log 20556 26400 Not Found: /static/admin/js/urlify.js
WARNING 2026-06-10 10:45:58,213 log 20556 30784 Not Found: /static/admin/js/actions.js
WARNING 2026-06-10 10:45:58,223 log 20556 25152 Not Found: /static/admin/js/prepopulate.js
WARNING 2026-06-10 10:45:58,239 log 20556 31428 Not Found: /static/admin/js/vendor/xregexp/xregexp.js
WARNING 2026-06-10 10:45:58,252 log 20556 26400 Not Found: /static/admin/js/prepopulate_init.js
WARNING 2026-06-10 10:45:58,262 log 20556 30784 Not Found: /static/admin/js/change_form.js
WARNING 2026-06-10 10:45:58,278 log 20556 25152 Not Found: /static/admin/js/nav_sidebar.js
WARNING 2026-06-10 10:46:32,602 log 20556 30784 Not Found: /static/admin/css/base.css
WARNING 2026-06-10 10:46:32,651 log 20556 25152 Not Found: /static/admin/css/nav_sidebar.css
WARNING 2026-06-10 10:46:32,684 log 20556 26400 Not Found: /static/admin/css/dark_mode.css
WARNING 2026-06-10 10:46:32,717 log 20556 30784 Not Found: /static/admin/css/changelists.css
WARNING 2026-06-10 10:46:32,753 log 20556 31428 Not Found: /static/admin/js/theme.js
WARNING 2026-06-10 10:46:32,794 log 20556 25152 Not Found: /static/admin/css/responsive.css
WARNING 2026-06-10 10:46:32,815 log 20556 26400 Not Found: /static/admin/js/vendor/jquery/jquery.js
WARNING 2026-06-10 10:46:32,837 log 20556 31428 Not Found: /static/admin/js/jquery.init.js
WARNING 2026-06-10 10:46:32,852 log 20556 30784 Not Found: /static/admin/js/core.js
WARNING 2026-06-10 10:46:32,884 log 20556 25152 Not Found: /static/admin/js/actions.js
WARNING 2026-06-10 10:46:32,919 log 20556 26400 Not Found: /static/admin/js/admin/RelatedObjectLookups.js
WARNING 2026-06-10 10:46:32,943 log 20556 25152 Not Found: /static/admin/js/urlify.js
WARNING 2026-06-10 10:46:32,956 log 20556 30784 Not Found: /static/admin/css/changelists.css
WARNING 2026-06-10 10:46:32,977 log 20556 31428 Not Found: /static/admin/css/nav_sidebar.css
WARNING 2026-06-10 10:46:33,004 log 20556 26400 Not Found: /static/admin/js/prepopulate.js
WARNING 2026-06-10 10:46:33,019 log 20556 30784 Not Found: /static/admin/js/vendor/xregexp/xregexp.js
WARNING 2026-06-10 10:46:33,225 log 20556 25152 Not Found: /static/admin/img/search.svg
WARNING 2026-06-10 10:46:33,253 log 20556 30784 Not Found: /static/admin/img/icon-yes.svg
WARNING 2026-06-10 10:46:33,289 log 20556 26400 Not Found: /static/admin/css/responsive.css
WARNING 2026-06-10 10:46:33,299 log 20556 30784 Not Found: /static/admin/js/theme.js
WARNING 2026-06-10 10:46:33,306 log 20556 25152 Not Found: /static/admin/js/nav_sidebar.js
WARNING 2026-06-10 10:46:33,334 log 20556 26400 Not Found: /static/admin/js/filters.js
WARNING 2026-06-10 10:46:33,432 log 20556 31428 Not Found: /static/admin/js/vendor/jquery/jquery.js
WARNING 2026-06-10 10:46:33,702 log 20556 30784 Not Found: /static/admin/js/jquery.init.js
WARNING 2026-06-10 10:46:33,721 log 20556 25152 Not Found: /static/admin/js/urlify.js
WARNING 2026-06-10 10:46:33,728 log 20556 31428 Not Found: /static/admin/js/core.js
WARNING 2026-06-10 10:46:33,740 log 20556 26400 Not Found: /static/admin/js/prepopulate.js
WARNING 2026-06-10 10:46:33,768 log 20556 30784 Not Found: /static/admin/js/actions.js
WARNING 2026-06-10 10:46:33,783 log 20556 25152 Not Found: /static/admin/js/admin/RelatedObjectLookups.js
WARNING 2026-06-10 10:46:33,808 log 20556 26400 Not Found: /static/admin/js/nav_sidebar.js
WARNING 2026-06-10 10:46:33,820 log 20556 31428 Not Found: /static/admin/js/vendor/xregexp/xregexp.js
WARNING 2026-06-10 10:46:33,833 log 20556 30784 Not Found: /static/admin/js/filters.js
WARNING 2026-06-10 10:46:48,024 log 20556 30784 Not Found: /static/admin/css/dark_mode.css
WARNING 2026-06-10 10:46:48,034 log 20556 26400 Not Found: /static/admin/css/base.css
WARNING 2026-06-10 10:46:48,061 log 20556 25152 Not Found: /static/admin/css/nav_sidebar.css
WARNING 2026-06-10 10:46:48,063 log 20556 31428 Not Found: /static/admin/css/responsive.css
WARNING 2026-06-10 10:46:48,082 log 20556 30784 Not Found: /static/admin/js/theme.js
WARNING 2026-06-10 10:46:48,109 log 20556 31428 Not Found: /static/admin/css/nav_sidebar.css
WARNING 2026-06-10 10:46:48,122 log 20556 26400 Not Found: /static/admin/js/nav_sidebar.js
WARNING 2026-06-10 10:46:48,134 log 20556 25152 Not Found: /static/admin/css/responsive.css
WARNING 2026-06-10 10:46:48,153 log 20556 30784 Not Found: /static/admin/js/theme.js
WARNING 2026-06-10 10:46:48,257 log 20556 31428 Not Found: /static/admin/js/nav_sidebar.js
WARNING 2026-06-10 10:46:50,695 log 20556 30784 Not Found: /static/admin/css/base.css
WARNING 2026-06-10 10:46:50,706 log 20556 26400 Not Found: /static/admin/css/nav_sidebar.css
WARNING 2026-06-10 10:46:50,718 log 20556 31428 Not Found: /static/admin/css/login.css
WARNING 2026-06-10 10:46:50,726 log 20556 25152 Not Found: /static/admin/css/dark_mode.css
WARNING 2026-06-10 10:46:50,747 log 20556 30784 Not Found: /static/admin/js/theme.js
WARNING 2026-06-10 10:46:50,758 log 20556 26400 Not Found: /static/admin/css/responsive.css
WARNING 2026-06-10 10:46:50,786 log 20556 31428 Not Found: /static/admin/js/nav_sidebar.js
WARNING 2026-06-10 10:46:50,798 log 20556 25152 Not Found: /static/admin/css/nav_sidebar.css
WARNING 2026-06-10 10:46:50,808 log 20556 30784 Not Found: /static/admin/css/login.css
WARNING 2026-06-10 10:46:50,819 log 20556 26400 Not Found: /static/admin/js/theme.js
WARNING 2026-06-10 10:46:50,850 log 20556 31428 Not Found: /static/admin/js/nav_sidebar.js
WARNING 2026-06-10 10:46:55,097 log 20556 30784 Not Found: /static/css/style.css
WARNING 2026-06-10 10:46:55,111 log 20556 26400 Not Found: /static/js/api.js
WARNING 2026-06-10 10:46:55,144 log 20556 31428 Not Found: /static/js/api.js
WARNING 2026-06-10 10:47:12,323 log 20556 26400 Not Found: /static/css/style.css
WARNING 2026-06-10 10:47:12,324 log 20556 31428 Not Found: /static/js/api.js
WARNING 2026-06-10 10:47:12,350 log 20556 25152 Not Found: /static/js/api.js
WARNING 2026-06-10 10:47:19,835 log 20556 26400 Not Found: /static/css/style.css
WARNING 2026-06-10 10:47:19,849 log 20556 31428 Not Found: /static/js/api.js
WARNING 2026-06-10 10:47:19,880 log 20556 25152 Not Found: /static/js/api.js
WARNING 2026-06-10 10:47:21,871 log 20556 31428 Not Found: /static/js/api.js
WARNING 2026-06-10 10:47:21,871 log 20556 26400 Not Found: /static/css/style.css
WARNING 2026-06-10 10:47:22,471 log 20556 25152 Not Found: /static/js/api.js
WARNING 2026-06-10 10:47:26,790 log 20556 31428 Not Found: /static/css/style.css
WARNING 2026-06-10 10:47:26,805 log 20556 26400 Not Found: /static/js/api.js
WARNING 2026-06-10 10:47:28,614 log 20556 25152 Not Found: /static/js/api.js
ERROR 2026-06-10 10:47:52,232 llm_service 20556 30784 MRM GENI returned HTTP 404: {"error":"model 'MRM-GENI' not found"}
ERROR 2026-06-10 10:47:52,233 views 20556 30784 LLM API error for conversation 4: LLM service error: 404 Client Error: Not Found for url: http://localhost:11434/api/chat
ERROR 2026-06-10 10:47:52,235 log 20556 30784 Internal Server Error: /api/conversations/conversations/4/generate_response
WARNING 2026-06-10 10:48:11,874 log 20556 31428 Not Found: /static/css/style.css
WARNING 2026-06-10 10:48:11,949 log 20556 26400 Not Found: /.well-known/appspecific/com.chrome.devtools.json
ERROR 2026-06-10 10:48:50,516 llm_service 20556 25152 MRM GENI returned HTTP 404: {"error":"model 'MRM-GENI' not found"}
ERROR 2026-06-10 10:48:50,517 views 20556 25152 LLM API error for conversation 4: LLM service error: 404 Client Error: Not Found for url: http://localhost:11434/api/chat
ERROR 2026-06-10 10:48:50,520 log 20556 25152 Internal Server Error: /api/conversations/conversations/4/generate_response
ERROR 2026-06-10 11:32:42,991 llm_service 20556 30784 MRM GENI request timed out for conversation 4
ERROR 2026-06-10 11:32:43,000 views 20556 30784 LLM API error for conversation 4: LLM service timed out. Please try again.
ERROR 2026-06-10 11:32:43,014 log 20556 30784 Internal Server Error: /api/conversations/conversations/4/generate_response
INFO 2026-06-10 11:34:24,424 llm_service 20556 31428 Generated response for conversation 4 (1046 chars)
INFO 2026-06-10 11:34:24,465 views 20556 31428 Generated response for conversation 4
WARNING 2026-06-10 11:35:57,021 log 20556 25152 Not Found: /static/css/style.css
WARNING 2026-06-10 11:35:57,028 log 20556 30784 Not Found: /static/js/api.js
WARNING 2026-06-10 11:35:57,048 log 20556 31428 Not Found: /static/js/api.js
WARNING 2026-06-10 11:35:57,392 log 20556 26400 Not Found: /favicon.ico
WARNING 2026-06-10 11:51:06,173 log 20556 31428 Forbidden (CSRF token missing.): /login/
WARNING 2026-06-10 12:24:58,838 log 20556 30784 Not Found: /chat/4/
ERROR 2026-06-10 12:46:03,374 log 32736 24648 Invalid HTTP_HOST header: 'testserver'. You may need to add 'testserver' to ALLOWED_HOSTS.
Traceback (most recent call last):
  File "C:\Users\ashish.jha\AppData\Roaming\Python\Python313\site-packages\django\core\handlers\exception.py", line 55, in inner
    response = get_response(request)
  File "C:\Users\ashish.jha\AppData\Roaming\Python\Python313\site-packages\django\utils\deprecation.py", line 308, in __call__
    response = self.process_request(request)
  File "C:\Users\ashish.jha\AppData\Roaming\Python\Python313\site-packages\django\middleware\common.py", line 48, in process_request
    host = request.get_host()
  File "C:\Users\ashish.jha\AppData\Roaming\Python\Python313\site-packages\django\http\request.py", line 206, in get_host
    raise DisallowedHost(msg)
django.core.exceptions.DisallowedHost: Invalid HTTP_HOST header: 'testserver'. You may need to add 'testserver' to ALLOWED_HOSTS.
ERROR 2026-06-10 12:46:42,184 log 28184 38396 Invalid HTTP_HOST header: 'testserver'. You may need to add 'testserver' to ALLOWED_HOSTS.
Traceback (most recent call last):
  File "C:\Users\ashish.jha\AppData\Roaming\Python\Python313\site-packages\django\core\handlers\exception.py", line 55, in inner
    response = get_response(request)
  File "C:\Users\ashish.jha\AppData\Roaming\Python\Python313\site-packages\django\utils\deprecation.py", line 308, in __call__
    response = self.process_request(request)
  File "C:\Users\ashish.jha\AppData\Roaming\Python\Python313\site-packages\django\middleware\common.py", line 48, in process_request
    host = request.get_host()
  File "C:\Users\ashish.jha\AppData\Roaming\Python\Python313\site-packages\django\http\request.py", line 206, in get_host
    raise DisallowedHost(msg)
django.core.exceptions.DisallowedHost: Invalid HTTP_HOST header: 'testserver'. You may need to add 'testserver' to ALLOWED_HOSTS.
WARNING 2026-06-10 13:09:18,114 log 37748 21872 Not Found: /static/css/style.css
WARNING 2026-06-10 13:09:18,115 log 37748 12528 Not Found: /static/js/api.js
WARNING 2026-06-10 13:09:20,201 log 37748 7400 Not Found: /static/js/api.js
WARNING 2026-06-10 13:09:22,369 log 37748 12528 Not Found: /static/js/api.js
WARNING 2026-06-10 13:09:22,377 log 37748 21872 Not Found: /static/css/style.css
WARNING 2026-06-10 13:09:22,605 log 37748 7400 Not Found: /favicon.ico
WARNING 2026-06-10 13:09:24,516 log 37748 34768 Not Found: /static/js/api.js
WARNING 2026-06-10 13:09:42,012 log 37748 7400 Not Found: /static/css/style.css
WARNING 2026-06-10 13:09:42,019 log 37748 34768 Not Found: /static/js/api.js
WARNING 2026-06-10 13:09:42,101 log 37748 12528 Not Found: /static/js/api.js
WARNING 2026-06-10 13:10:07,892 log 37748 12528 Not Found: /static/js/api.js
WARNING 2026-06-10 13:10:07,896 log 37748 34768 Not Found: /static/css/style.css
WARNING 2026-06-10 13:10:08,227 log 37748 21872 Not Found: /static/js/api.js
WARNING 2026-06-10 13:30:49,796 log 37748 12528 Not Found: /static/css/style.css
WARNING 2026-06-10 13:30:49,809 log 37748 34768 Not Found: /static/js/api.js
WARNING 2026-06-10 13:30:50,689 log 37748 21872 Not Found: /static/js/api.js
WARNING 2026-06-10 13:30:51,858 log 37748 12528 Not Found: /static/css/style.css
WARNING 2026-06-10 13:30:51,872 log 37748 34768 Not Found: /static/js/api.js
WARNING 2026-06-10 13:30:52,595 log 37748 21872 Not Found: /static/js/api.js
WARNING 2026-06-10 13:30:53,446 log 37748 12528 Not Found: /static/css/style.css
WARNING 2026-06-10 13:30:53,456 log 37748 34768 Not Found: /static/js/api.js
WARNING 2026-06-10 13:30:53,830 log 37748 21872 Not Found: /static/js/api.js
WARNING 2026-06-10 13:30:59,957 log 37748 12528 Not Found: /static/js/api.js
WARNING 2026-06-10 13:30:59,948 log 37748 34768 Not Found: /static/css/style.css
WARNING 2026-06-10 13:31:01,277 log 37748 21872 Not Found: /static/js/api.js
WARNING 2026-06-10 13:31:14,029 log 37748 12528 Not Found: /static/css/style.css
WARNING 2026-06-10 13:31:14,050 log 37748 34768 Not Found: /static/js/api.js
WARNING 2026-06-10 13:31:15,162 log 37748 21872 Not Found: /static/js/api.js
WARNING 2026-06-10 13:31:33,743 log 37748 34768 Not Found: /static/css/style.css
WARNING 2026-06-10 13:31:33,753 log 37748 21872 Not Found: /static/js/api.js
WARNING 2026-06-10 13:31:33,807 log 37748 7400 Not Found: /static/js/api.js
WARNING 2026-06-10 13:32:01,575 log 37748 34768 Not Found: /static/css/style.css
WARNING 2026-06-10 13:32:01,593 log 37748 21872 Not Found: /static/js/api.js
WARNING 2026-06-10 13:32:02,048 log 37748 7400 Not Found: /static/js/api.js
WARNING 2026-06-10 13:32:02,171 log 37748 12528 Not Found: /favicon.ico
WARNING 2026-06-10 13:32:20,806 log 37748 7400 Not Found: /static/css/style.css
WARNING 2026-06-10 13:32:20,820 log 37748 12528 Not Found: /static/js/api.js
WARNING 2026-06-10 13:32:20,864 log 37748 34768 Not Found: /static/js/api.js
WARNING 2026-06-10 13:32:29,171 log 37748 7400 Not Found: /static/css/style.css
WARNING 2026-06-10 13:32:29,183 log 37748 12528 Not Found: /static/js/api.js
WARNING 2026-06-10 13:32:29,261 log 37748 34768 Not Found: /static/js/api.js
WARNING 2026-06-10 13:32:46,793 log 37748 7400 Not Found: /static/css/style.css
WARNING 2026-06-10 13:32:46,811 log 37748 12528 Not Found: /static/js/api.js
WARNING 2026-06-10 13:32:56,269 log 37748 21872 Not Found: /static/css/style.css
WARNING 2026-06-10 13:32:56,283 log 37748 7400 Not Found: /static/js/api.js
WARNING 2026-06-10 13:33:02,023 log 37748 34768 Not Found: /static/css/style.css
WARNING 2026-06-10 13:33:02,041 log 37748 7400 Not Found: /static/js/api.js
INFO 2026-06-10 13:33:24,594 llm_service 37748 21872 Generated response for conversation 1 (34 chars)
INFO 2026-06-10 13:33:24,616 views 37748 21872 Generated response for conversation 1
INFO 2026-06-10 13:34:07,524 llm_service 37748 12528 Generated response for conversation 1 (1201 chars)
INFO 2026-06-10 13:34:07,562 views 37748 12528 Generated response for conversation 1
INFO 2026-06-10 13:35:21,282 llm_service 37748 34768 Generated response for conversation 1 (1791 chars)
INFO 2026-06-10 13:35:21,310 views 37748 34768 Generated response for conversation 1
WARNING 2026-06-10 13:37:11,542 log 37748 12528 Not Found: /static/css/style.css
WARNING 2026-06-10 13:37:11,559 log 37748 34768 Not Found: /static/js/api.js
WARNING 2026-06-10 13:37:12,193 log 37748 7400 Not Found: /static/js/api.js
WARNING 2026-06-10 13:37:28,946 log 37748 12528 Not Found: /static/css/style.css
WARNING 2026-06-10 13:37:28,956 log 37748 34768 Not Found: /static/js/api.js
WARNING 2026-06-10 13:37:29,579 log 37748 7400 Not Found: /static/js/api.js
WARNING 2026-06-10 13:37:51,209 log 37748 34768 Not Found: /static/css/style.css
WARNING 2026-06-10 13:37:51,217 log 37748 12528 Not Found: /static/js/api.js
WARNING 2026-06-10 13:37:51,242 log 37748 7400 Not Found: /static/js/api.js
WARNING 2026-06-10 13:38:12,689 log 37748 12528 Not Found: /static/css/style.css
WARNING 2026-06-10 13:38:12,697 log 37748 7400 Not Found: /static/js/api.js
WARNING 2026-06-10 13:38:12,741 log 37748 21872 Not Found: /static/js/api.js
WARNING 2026-06-10 13:38:24,721 log 37748 7400 Not Found: /static/css/style.css
WARNING 2026-06-10 13:38:24,734 log 37748 12528 Not Found: /static/js/api.js
WARNING 2026-06-10 13:38:24,992 log 37748 21872 Not Found: /static/js/api.js
WARNING 2026-06-10 13:46:22,188 log 37748 7400 Not Found: /static/css/style.css
INFO 2026-08-12 16:39:39,482 autoreload 18632 6004 Watching for file changes with StatReloader
INFO 2026-08-12 16:39:47,265 log 18632 30748 "GET /admin/login/ HTTP/1.1" 200 4067
INFO 2026-08-12 16:40:38,972 log 18632 3120 "GET / HTTP/1.1" 200 3678
INFO 2026-08-12 16:40:39,256 log 18632 3120 "GET /static/css/style.css HTTP/1.1" 200 11663
INFO 2026-08-12 16:40:39,258 log 18632 22860 "GET /static/js/api.js HTTP/1.1" 200 11550
WARNING 2026-08-12 16:40:39,527 log 18632 22860 Not Found: /favicon.ico
WARNING 2026-08-12 16:40:39,529 log 18632 22860 "GET /favicon.ico HTTP/1.1" 404 8315
INFO 2026-08-12 16:40:58,563 log 18632 22860 "POST / HTTP/1.1" 200 3806
INFO 2026-08-12 16:41:23,299 log 18632 22860 "POST / HTTP/1.1" 200 3806
WARNING 2026-08-12 16:41:42,947 log 18632 22860 Not Found: /api
WARNING 2026-08-12 16:41:42,948 log 18632 22860 "GET /api HTTP/1.1" 404 8291
INFO 2026-08-12 16:42:53,580 log 18632 22860 "POST / HTTP/1.1" 200 3806
INFO 2026-08-12 16:43:13,907 log 18632 22860 "GET /register/ HTTP/1.1" 200 5049
INFO 2026-08-12 16:43:18,212 log 18632 22860 "GET / HTTP/1.1" 200 3678
INFO 2026-08-12 16:47:10,985 log 18632 22860 "GET /admin HTTP/1.1" 301 0
INFO 2026-08-12 16:47:10,991 log 18632 22860 "GET /admin/ HTTP/1.1" 302 0
INFO 2026-08-12 16:47:11,002 log 18632 22860 "GET /admin/login/?next=/admin/ HTTP/1.1" 200 4080
INFO 2026-08-12 16:47:11,034 log 18632 22860 "GET /static/admin/css/base.css HTTP/1.1" 200 23100
INFO 2026-08-12 16:47:11,046 log 18632 22860 "GET /static/admin/css/dark_mode.css HTTP/1.1" 200 3538
INFO 2026-08-12 16:47:11,048 log 18632 1560 "GET /static/admin/css/nav_sidebar.css HTTP/1.1" 200 2810
INFO 2026-08-12 16:47:11,049 log 18632 17100 "GET /static/admin/js/theme.js HTTP/1.1" 200 1653
INFO 2026-08-12 16:47:11,049 log 18632 23464 "GET /static/admin/css/login.css HTTP/1.1" 200 951
INFO 2026-08-12 16:47:11,050 log 18632 30904 "GET /static/admin/css/responsive.css HTTP/1.1" 200 16273
INFO 2026-08-12 16:47:11,057 log 18632 30904 "GET /static/admin/js/nav_sidebar.js HTTP/1.1" 200 3063
INFO 2026-08-12 16:48:08,951 log 18632 30904 "POST /admin/login/?next=/admin/ HTTP/1.1" 302 0
INFO 2026-08-12 16:48:09,004 log 18632 30904 "GET /admin/ HTTP/1.1" 200 17550
INFO 2026-08-12 16:48:09,046 log 18632 30904 "GET /static/admin/css/dashboard.css HTTP/1.1" 200 441
INFO 2026-08-12 16:48:09,057 log 18632 17100 "GET /static/admin/img/icon-changelink.svg HTTP/1.1" 200 978
INFO 2026-08-12 16:48:09,058 log 18632 30904 "GET /static/admin/img/icon-addlink.svg HTTP/1.1" 200 593
WARNING 2026-08-12 16:49:38,581 log 18632 30904 Forbidden (CSRF token from POST incorrect.): /
WARNING 2026-08-12 16:49:38,582 log 18632 30904 "POST / HTTP/1.1" 403 2503
INFO 2026-08-12 16:49:42,862 log 18632 30904 "GET / HTTP/1.1" 200 6950
INFO 2026-08-12 16:49:48,476 log 18632 30904 "GET /dashboard/ HTTP/1.1" 200 11177
INFO 2026-08-12 16:50:03,051 log 18632 30904 "POST /admin/logout/ HTTP/1.1" 200 3475
INFO 2026-08-12 16:50:06,830 log 18632 30904 "GET /admin/ HTTP/1.1" 302 0
INFO 2026-08-12 16:50:06,845 log 18632 30904 "GET /admin/login/?next=/admin/ HTTP/1.1" 200 4080
INFO 2026-08-12 16:50:18,013 log 18632 30904 "GET /admin-panel/ HTTP/1.1" 302 0
INFO 2026-08-12 16:50:18,022 log 18632 30904 "GET / HTTP/1.1" 200 3678
INFO 2026-08-12 16:50:37,563 log 18632 7704 "POST / HTTP/1.1" 302 0
INFO 2026-08-12 16:50:37,593 log 18632 7704 "GET /dashboard/ HTTP/1.1" 200 9429
INFO 2026-08-12 16:50:48,258 log 18632 7704 "GET /chat/4/ HTTP/1.1" 200 31680
INFO 2026-08-12 16:51:02,358 log 18632 7704 "GET /chat/1/ HTTP/1.1" 200 24502
INFO 2026-08-12 16:51:09,585 log 18632 7704 "GET /my-responses/ HTTP/1.1" 200 5703
INFO 2026-08-12 16:51:13,220 log 18632 7704 "GET /chat/ HTTP/1.1" 200 13860
INFO 2026-08-12 16:51:15,137 log 18632 7704 "GET /projects/ HTTP/1.1" 200 6105
INFO 2026-08-12 16:51:19,244 log 18632 7704 "GET /chat/ HTTP/1.1" 200 13860
INFO 2026-08-12 16:51:21,588 log 18632 7704 "GET /chat/4/ HTTP/1.1" 200 31680
INFO 2026-08-12 16:52:10,205 log 18632 7704 "POST /chat/new/ HTTP/1.1" 302 0
INFO 2026-08-12 16:52:10,229 log 18632 7704 "GET /chat/5/ HTTP/1.1" 200 19995
INFO 2026-08-12 16:54:27,413 llm_service 18632 7704 Generated response for conversation 5 (1687 chars)
INFO 2026-08-12 16:54:27,453 views 18632 7704 Generated response for conversation 5
INFO 2026-08-12 16:54:27,463 log 18632 7704 "POST /api/conversations/conversations/5/generate_response HTTP/1.1" 200 2082
WARNING 2026-08-12 16:56:02,645 log 18632 7704 Forbidden (CSRF token from POST incorrect.): /admin/login/
WARNING 2026-08-12 16:56:02,647 log 18632 7704 "POST /admin/login/?next=/admin/ HTTP/1.1" 403 2503
INFO 2026-08-12 16:56:32,794 log 18632 7704 "GET /admin/login/?next=/admin/ HTTP/1.1" 200 3607
INFO 2026-08-12 16:57:35,478 log 18632 7704 "GET /chat/5/ HTTP/1.1" 200 22344
INFO 2026-08-12 16:57:44,165 log 18632 7704 "GET /chat/1/ HTTP/1.1" 200 24818
INFO 2026-08-12 16:57:49,206 log 18632 7704 "GET /chat/5/ HTTP/1.1" 200 22344
INFO 2026-08-12 16:58:05,165 log 18632 7704 "GET /my-responses/ HTTP/1.1" 200 5703
INFO 2026-08-12 16:58:08,456 log 18632 7704 "GET /chat/ HTTP/1.1" 200 14176
INFO 2026-08-12 16:58:10,420 log 18632 7704 "GET /projects/ HTTP/1.1" 200 6105
INFO 2026-08-12 16:58:12,952 log 18632 7704 "GET /dashboard/ HTTP/1.1" 200 10053
INFO 2026-08-12 16:58:16,985 log 18632 7704 "GET /chat/5/ HTTP/1.1" 200 22344
INFO 2026-08-12 16:58:55,144 log 18632 7704 "GET /logout/ HTTP/1.1" 302 0
INFO 2026-08-12 16:58:55,152 log 18632 7704 "GET / HTTP/1.1" 200 3678
INFO 2026-08-12 16:59:01,332 log 18632 7704 "GET / HTTP/1.1" 200 3678
INFO 2026-08-12 16:59:01,377 log 18632 7704 "GET /static/js/api.js HTTP/1.1" 200 11550
INFO 2026-08-12 16:59:01,378 log 18632 34236 "GET /static/css/style.css HTTP/1.1" 200 11663
WARNING 2026-08-12 16:59:01,802 log 18632 34236 Not Found: /favicon.ico
WARNING 2026-08-12 16:59:01,803 log 18632 34236 "GET /favicon.ico HTTP/1.1" 404 8315
INFO 2026-08-12 16:59:17,437 log 18632 34236 "POST / HTTP/1.1" 302 0
INFO 2026-08-12 16:59:17,460 log 18632 34236 "GET /dashboard/ HTTP/1.1" 200 10053
INFO 2026-08-12 16:59:26,718 log 18632 34236 "GET /chat/5/ HTTP/1.1" 200 22344
INFO 2026-08-12 17:03:21,194 log 18632 34236 "GET /chat/5/ HTTP/1.1" 200 22359
INFO 2026-08-12 17:03:21,255 log 18632 34236 "GET /static/css/style.css HTTP/1.1" 200 11663
INFO 2026-08-12 17:03:21,258 log 18632 7704 "GET /static/js/api.js HTTP/1.1" 200 11550
WARNING 2026-08-12 17:03:22,267 log 18632 7704 Not Found: /favicon.ico
WARNING 2026-08-12 17:03:22,270 log 18632 7704 "GET /favicon.ico HTTP/1.1" 404 8315
INFO 2026-08-12 17:06:52,952 log 18632 7704 "GET /chat/4/ HTTP/1.1" 200 32011
INFO 2026-08-12 17:07:56,987 log 18632 7704 "GET /chat/5/ HTTP/1.1" 200 22359
INFO 2026-08-12 17:08:04,621 log 18632 7704 "GET /chat/4/ HTTP/1.1" 200 32011
INFO 2026-08-12 17:08:24,968 log 18632 7704 "GET /chat/5/ HTTP/1.1" 200 22359
INFO 2026-08-12 17:08:40,240 log 18632 7704 "GET /dashboard/ HTTP/1.1" 200 10053
INFO 2026-08-12 17:09:17,212 log 18632 33676 "GET /admin HTTP/1.1" 301 0
INFO 2026-08-12 17:09:17,247 log 18632 33676 "GET /admin/ HTTP/1.1" 302 0
INFO 2026-08-12 17:09:17,314 log 18632 33676 "GET /admin/login/?next=/admin/ HTTP/1.1" 200 4080
INFO 2026-08-12 17:09:17,490 log 18632 33676 "GET /static/admin/css/base.css HTTP/1.1" 200 23100
INFO 2026-08-12 17:09:17,502 log 18632 28012 "GET /static/admin/css/dark_mode.css HTTP/1.1" 200 3538
INFO 2026-08-12 17:09:17,508 log 18632 28520 "GET /static/admin/js/theme.js HTTP/1.1" 200 1653
INFO 2026-08-12 17:09:17,520 log 18632 22088 "GET /static/admin/css/nav_sidebar.css HTTP/1.1" 200 2810
INFO 2026-08-12 17:09:17,530 log 18632 33676 "GET /static/admin/js/nav_sidebar.js HTTP/1.1" 200 3063
INFO 2026-08-12 17:09:17,532 log 18632 35544 "GET /static/admin/css/login.css HTTP/1.1" 200 951
INFO 2026-08-12 17:09:17,538 log 18632 17284 "GET /static/admin/css/responsive.css HTTP/1.1" 200 16273
INFO 2026-08-12 17:09:39,453 log 18632 33676 "POST /admin/login/?next=/admin/ HTTP/1.1" 302 0
INFO 2026-08-12 17:09:39,508 log 18632 33676 "GET /admin/ HTTP/1.1" 200 17550
INFO 2026-08-12 17:09:39,611 log 18632 17284 "GET /static/admin/css/dashboard.css HTTP/1.1" 200 441
INFO 2026-08-12 17:09:39,639 log 18632 28012 "GET /static/admin/img/icon-changelink.svg HTTP/1.1" 200 978
INFO 2026-08-12 17:09:39,640 log 18632 17284 "GET /static/admin/img/icon-addlink.svg HTTP/1.1" 200 593
INFO 2026-08-12 17:09:53,509 log 18632 33676 "GET /admin/conversations/conversation/ HTTP/1.1" 200 22101
INFO 2026-08-12 17:09:53,596 log 18632 17284 "GET /static/admin/img/search.svg HTTP/1.1" 200 607
INFO 2026-08-12 17:09:53,603 log 18632 22088 "GET /static/admin/css/changelists.css HTTP/1.1" 200 7498
INFO 2026-08-12 17:09:53,608 log 18632 28012 "GET /static/admin/img/icon-yes.svg HTTP/1.1" 200 558
INFO 2026-08-12 17:09:53,615 log 18632 33676 "GET /static/admin/js/jquery.init.js HTTP/1.1" 200 347
INFO 2026-08-12 17:09:53,622 log 18632 17284 "GET /static/admin/js/core.js HTTP/1.1" 200 6208
INFO 2026-08-12 17:09:53,630 log 18632 22088 "GET /static/admin/js/admin/RelatedObjectLookups.js HTTP/1.1" 200 9777
INFO 2026-08-12 17:09:53,633 log 18632 28520 "GET /admin/jsi18n/ HTTP/1.1" 200 3342
INFO 2026-08-12 17:09:53,637 log 18632 28012 "GET /static/admin/js/actions.js HTTP/1.1" 200 8077
INFO 2026-08-12 17:09:53,640 log 18632 33676 "GET /static/admin/js/urlify.js HTTP/1.1" 200 7887
INFO 2026-08-12 17:09:53,641 log 18632 17284 "GET /static/admin/js/prepopulate.js HTTP/1.1" 200 1531
INFO 2026-08-12 17:09:53,652 log 18632 28520 "GET /static/admin/js/filters.js HTTP/1.1" 200 978
INFO 2026-08-12 17:09:53,661 log 18632 35544 "GET /static/admin/js/vendor/jquery/jquery.js HTTP/1.1" 200 285314
INFO 2026-08-12 17:09:53,677 log 18632 22088 "GET /static/admin/js/vendor/xregexp/xregexp.js HTTP/1.1" 200 325171
INFO 2026-08-12 17:09:53,739 log 18632 22088 "GET /static/admin/img/tooltag-add.svg HTTP/1.1" 200 593
INFO 2026-08-12 17:09:53,741 log 18632 35544 "GET /static/admin/img/icon-viewlink.svg HTTP/1.1" 200 928
INFO 2026-08-12 17:10:06,834 log 18632 22088 "GET /admin/conversations/message/ HTTP/1.1" 200 37315
INFO 2026-08-12 17:10:06,919 log 18632 22088 "GET /admin/jsi18n/ HTTP/1.1" 200 3342
INFO 2026-08-12 17:10:06,935 log 18632 22088 "GET /static/admin/img/icon-no.svg HTTP/1.1" 200 645
INFO 2026-08-12 17:10:07,004 log 18632 22088 "GET /static/admin/img/sorting-icons.svg HTTP/1.1" 200 1761
INFO 2026-08-12 17:10:16,986 log 18632 22088 "GET /admin/users/user/ HTTP/1.1" 200 20819
INFO 2026-08-12 17:10:17,072 log 18632 22088 "GET /admin/jsi18n/ HTTP/1.1" 200 3342
INFO 2026-08-12 17:10:27,964 log 18632 22088 "GET /admin/moderation/moderationlog/ HTTP/1.1" 200 17137
INFO 2026-08-12 17:10:28,054 log 18632 22088 "GET /admin/jsi18n/ HTTP/1.1" 200 3342
INFO 2026-08-12 17:10:30,492 log 18632 22088 "GET /admin/moderation/moderationqueue/ HTTP/1.1" 200 17093
INFO 2026-08-12 17:10:30,556 log 18632 22088 "GET /admin/jsi18n/ HTTP/1.1" 200 3342
INFO 2026-08-12 17:10:39,369 log 18632 22088 "GET /admin/conversations/response/ HTTP/1.1" 200 17167
INFO 2026-08-12 17:10:39,445 log 18632 22088 "GET /admin/jsi18n/ HTTP/1.1" 200 3342
INFO 2026-08-12 17:10:42,618 log 18632 22088 "GET /admin/integrations/crmlog/ HTTP/1.1" 200 17278
INFO 2026-08-12 17:10:42,685 log 18632 22088 "GET /admin/jsi18n/ HTTP/1.1" 200 3342
INFO 2026-08-12 17:10:44,654 log 18632 22088 "GET /admin/integrations/geminilog/ HTTP/1.1" 200 16899
INFO 2026-08-12 17:10:44,724 log 18632 22088 "GET /admin/jsi18n/ HTTP/1.1" 200 3342
INFO 2026-08-12 17:10:53,458 log 18632 22088 "GET /admin/projects/project/ HTTP/1.1" 200 19222
INFO 2026-08-12 17:10:53,537 log 18632 22088 "GET /admin/jsi18n/ HTTP/1.1" 200 3342
INFO 2026-08-12 17:11:03,135 log 18632 22088 "GET /admin/projects/userproject/ HTTP/1.1" 200 19516
INFO 2026-08-12 17:11:03,206 log 18632 22088 "GET /admin/jsi18n/ HTTP/1.1" 200 3342
INFO 2026-08-12 17:11:13,239 log 18632 22088 "GET /admin/projects/project/add/ HTTP/1.1" 200 19861
INFO 2026-08-12 17:11:13,300 log 18632 22088 "GET /static/admin/css/forms.css HTTP/1.1" 200 8831
INFO 2026-08-12 17:11:13,303 log 18632 35544 "GET /admin/jsi18n/ HTTP/1.1" 200 3342
INFO 2026-08-12 17:11:13,313 log 18632 35544 "GET /static/admin/js/prepopulate_init.js HTTP/1.1" 200 586
INFO 2026-08-12 17:11:13,313 log 18632 22088 "GET /static/admin/js/change_form.js HTTP/1.1" 200 606
INFO 2026-08-12 17:11:13,345 log 18632 22088 "GET /static/admin/css/widgets.css HTTP/1.1" 200 11811
INFO 2026-08-12 17:11:56,851 log 18632 22088 "POST /admin/projects/project/add/ HTTP/1.1" 302 0
INFO 2026-08-12 17:11:56,901 log 18632 22088 "GET /admin/projects/project/ HTTP/1.1" 200 19975
INFO 2026-08-12 17:11:57,039 log 18632 22088 "GET /admin/jsi18n/ HTTP/1.1" 200 3342
INFO 2026-08-12 17:12:06,087 log 18632 22088 "GET /admin/projects/userproject/ HTTP/1.1" 200 19516
INFO 2026-08-12 17:12:06,172 log 18632 22088 "GET /admin/jsi18n/ HTTP/1.1" 200 3342
INFO 2026-08-12 17:12:08,180 log 18632 22088 "GET /admin/projects/userproject/add/ HTTP/1.1" 200 19977
INFO 2026-08-12 17:12:08,264 log 18632 22088 "GET /admin/jsi18n/ HTTP/1.1" 200 3342
INFO 2026-08-12 17:12:42,184 log 18632 7704 "GET /projects/ HTTP/1.1" 200 6105
INFO 2026-08-12 17:12:46,101 log 18632 7704 "GET /projects/ HTTP/1.1" 200 6105
INFO 2026-08-12 17:12:48,827 log 18632 7704 "GET /dashboard/ HTTP/1.1" 200 10053
INFO 2026-08-12 17:12:53,343 log 18632 7704 "GET /logout/ HTTP/1.1" 302 0
INFO 2026-08-12 17:12:53,357 log 18632 7704 "GET / HTTP/1.1" 200 3678
INFO 2026-08-12 17:13:09,535 log 18632 7704 "POST / HTTP/1.1" 302 0
INFO 2026-08-12 17:13:09,568 log 18632 7704 "GET /dashboard/ HTTP/1.1" 200 10053
INFO 2026-08-12 17:13:17,066 log 18632 7704 "GET /projects/ HTTP/1.1" 200 6105
INFO 2026-08-12 17:13:19,367 log 18632 7704 "GET /projects/1/ HTTP/1.1" 200 7720
INFO 2026-08-12 17:13:25,142 log 18632 7704 "GET /chat/ HTTP/1.1" 200 14191
INFO 2026-08-12 17:13:26,960 log 18632 7704 "GET /my-responses/ HTTP/1.1" 200 5703
INFO 2026-08-12 17:14:02,282 log 18632 12228 "GET /admin/projects/userproject/ HTTP/1.1" 302 0
INFO 2026-08-12 17:37:06,715 log 18632 23456 "GET /chat/ HTTP/1.1" 200 14191
INFO 2026-08-12 17:37:19,127 log 18632 23456 "GET /chat/5/ HTTP/1.1" 200 22359
INFO 2026-08-12 17:37:59,823 llm_service 18632 23456 Generated response for conversation 5 (722 chars)
INFO 2026-08-12 17:37:59,844 views 18632 23456 Generated response for conversation 5
INFO 2026-08-12 17:37:59,848 log 18632 23456 "POST /api/conversations/conversations/5/generate_response HTTP/1.1" 200 1030
INFO 2026-08-12 17:38:35,810 log 18632 27460 "GET /admin/projects/project/ HTTP/1.1" 200 19741
INFO 2026-08-12 17:38:35,860 log 18632 27460 "GET /admin/jsi18n/ HTTP/1.1" 200 3342
INFO 2026-08-12 17:38:49,247 log 18632 27460 "GET /admin/projects/userproject/ HTTP/1.1" 200 19516
INFO 2026-08-12 17:38:49,296 log 18632 27460 "GET /admin/jsi18n/ HTTP/1.1" 200 3342
INFO 2026-08-12 17:39:07,620 log 18632 27460 "GET /admin/projects/project/ HTTP/1.1" 200 19741
INFO 2026-08-12 17:39:07,665 log 18632 27460 "GET /admin/jsi18n/ HTTP/1.1" 200 3342
INFO 2026-08-12 17:39:13,560 log 18632 27460 "GET /admin/projects/project/add/ HTTP/1.1" 200 19861
INFO 2026-08-12 17:39:13,610 log 18632 27460 "GET /admin/jsi18n/ HTTP/1.1" 200 3342
INFO 2026-08-12 17:39:32,666 log 18632 16864 "GET /logout/ HTTP/1.1" 302 0
INFO 2026-08-12 17:39:32,687 log 18632 16864 "GET / HTTP/1.1" 200 3678
INFO 2026-08-12 17:39:47,630 log 18632 16864 "POST / HTTP/1.1" 302 0
INFO 2026-08-12 17:39:47,661 log 18632 16864 "GET /dashboard/ HTTP/1.1" 200 10053
INFO 2026-08-12 17:39:53,434 log 18632 16864 "GET /projects/ HTTP/1.1" 200 6105
INFO 2026-08-12 17:40:02,912 log 18632 27460 "GET /admin/projects/project/ HTTP/1.1" 200 19741
INFO 2026-08-12 17:40:02,960 log 18632 27460 "GET /admin/jsi18n/ HTTP/1.1" 200 3342
INFO 2026-08-12 17:40:11,949 log 18632 27460 "GET /admin/projects/userproject/ HTTP/1.1" 200 19516
INFO 2026-08-12 17:40:11,996 log 18632 27460 "GET /admin/jsi18n/ HTTP/1.1" 200 3342
INFO 2026-08-12 17:40:27,837 log 18632 27460 "GET /admin/projects/userproject/?_facets=True HTTP/1.1" 200 19903
INFO 2026-08-12 17:40:27,872 log 18632 27460 "GET /admin/jsi18n/ HTTP/1.1" 200 3342
INFO 2026-08-12 17:40:27,903 log 18632 21716 "GET /static/admin/img/icon-hidelink.svg HTTP/1.1" 200 1131
INFO 2026-08-12 17:40:45,755 log 18632 27460 "GET /admin/projects/userproject/add/?_changelist_filters=_facets%3DTrue HTTP/1.1" 200 20022
INFO 2026-08-12 17:40:45,801 log 18632 21716 "GET /admin/jsi18n/ HTTP/1.1" 200 3342
INFO 2026-08-12 17:41:04,722 log 18632 27460 "POST /admin/projects/userproject/add/?_changelist_filters=_facets%3DTrue HTTP/1.1" 302 0
INFO 2026-08-12 17:41:04,775 log 18632 27460 "GET /admin/projects/userproject/?_facets=True HTTP/1.1" 200 20691
INFO 2026-08-12 17:41:04,821 log 18632 21716 "GET /admin/jsi18n/ HTTP/1.1" 200 3342
INFO 2026-08-12 17:41:25,627 log 18632 16864 "GET /projects/ HTTP/1.1" 200 6947
INFO 2026-08-12 17:43:16,706 log 18632 9604 "GET /admin/users/userprofile/ HTTP/1.1" 200 19564
INFO 2026-08-12 17:43:16,747 log 18632 9604 "GET /admin/jsi18n/ HTTP/1.1" 200 3342
INFO 2026-08-12 17:43:21,773 log 18632 9604 "GET /admin/users/userprofile/2/change/ HTTP/1.1" 200 19682
INFO 2026-08-12 17:43:21,819 log 18632 9604 "GET /admin/jsi18n/ HTTP/1.1" 200 3342
INFO 2026-08-12 17:43:25,561 log 18632 9604 "GET /admin/projects/userproject/ HTTP/1.1" 200 20024
INFO 2026-08-12 17:43:25,598 log 18632 32564 "GET /admin/jsi18n/ HTTP/1.1" 200 3342
INFO 2026-08-12 17:43:31,842 log 18632 9604 "GET /admin/users/user/ HTTP/1.1" 200 20819
INFO 2026-08-12 17:43:31,889 log 18632 32564 "GET /admin/jsi18n/ HTTP/1.1" 200 3342
INFO 2026-08-12 17:43:38,792 log 18632 9604 "GET /admin/users/ HTTP/1.1" 200 5989
INFO 2026-08-12 17:43:42,185 log 18632 9604 "GET /admin/ HTTP/1.1" 200 18321
INFO 2026-08-12 17:43:46,721 log 18632 9604 "GET /admin/moderation/ HTTP/1.1" 200 6194
INFO 2026-08-12 17:43:48,875 log 18632 9604 "GET /admin/moderation/moderationlog/ HTTP/1.1" 200 17137
INFO 2026-08-12 17:43:48,906 log 18632 32564 "GET /admin/jsi18n/ HTTP/1.1" 200 3342
INFO 2026-08-12 17:43:52,588 log 18632 9604 "GET /admin/moderation/moderationqueue/ HTTP/1.1" 200 17093
INFO 2026-08-12 17:43:52,628 log 18632 32564 "GET /admin/jsi18n/ HTTP/1.1" 200 3342
INFO 2026-08-12 17:43:54,933 log 18632 9604 "GET /admin/integrations/crmlog/ HTTP/1.1" 200 17278
INFO 2026-08-12 17:43:54,975 log 18632 32564 "GET /admin/jsi18n/ HTTP/1.1" 200 3342
INFO 2026-08-12 17:43:56,695 log 18632 9604 "GET /admin/integrations/geminilog/ HTTP/1.1" 200 16899
INFO 2026-08-12 17:43:56,747 log 18632 32564 "GET /admin/jsi18n/ HTTP/1.1" 200 3342
INFO 2026-08-12 17:43:59,387 log 18632 9604 "GET /admin/conversations/response/ HTTP/1.1" 200 17167
INFO 2026-08-12 17:43:59,423 log 18632 32564 "GET /admin/jsi18n/ HTTP/1.1" 200 3342
INFO 2026-08-12 17:44:01,278 log 18632 9604 "GET /admin/conversations/responseapproval/ HTTP/1.1" 200 17430
INFO 2026-08-12 17:44:01,320 log 18632 32564 "GET /admin/jsi18n/ HTTP/1.1" 200 3342
INFO 2026-08-12 17:44:03,478 log 18632 9604 "GET /admin/conversations/message/ HTTP/1.1" 200 38485
INFO 2026-08-12 17:44:03,515 log 18632 32564 "GET /admin/jsi18n/ HTTP/1.1" 200 3342
INFO 2026-08-12 17:44:59,392 log 18632 9604 "POST /admin/conversations/message/ HTTP/1.1" 200 20959
INFO 2026-08-12 17:44:59,429 log 18632 32564 "GET /static/admin/js/cancel.js HTTP/1.1" 200 884
INFO 2026-08-12 17:45:06,284 log 18632 9604 "GET /admin/conversations/message/ HTTP/1.1" 200 38485
INFO 2026-08-12 18:26:17,363 autoreload 18632 6004 C:\Project\ConversationAI\AIAssistance\apps\projects\models.py changed, reloading.
INFO 2026-08-12 18:26:20,569 autoreload 28912 23496 Watching for file changes with StatReloader
INFO 2026-08-12 18:45:06,277 log 28912 33048 "GET /chat/ HTTP/1.1" 200 14262
INFO 2026-08-12 18:45:35,046 log 28912 33048 "POST /chat/new/ HTTP/1.1" 302 0
INFO 2026-08-12 18:45:35,081 log 28912 33048 "GET /chat/6/ HTTP/1.1" 200 20393
INFO 2026-08-12 18:49:17,336 llm_service 28912 33048 Generated response for conversation 6 (1098 chars)
INFO 2026-08-12 18:49:17,356 views 28912 33048 Generated response for conversation 6
INFO 2026-08-12 18:49:17,375 log 28912 33048 "POST /api/conversations/conversations/6/generate_response HTTP/1.1" 200 1418
INFO 2026-08-12 18:49:55,646 autoreload 28912 23496 C:\Project\ConversationAI\AIAssistance\apps\projects\admin.py changed, reloading.
INFO 2026-08-12 18:49:58,019 autoreload 3356 26988 Watching for file changes with StatReloader
INFO 2026-08-12 18:50:16,959 autoreload 3356 26988 C:\Project\ConversationAI\AIAssistance\apps\frontend\views.py changed, reloading.
INFO 2026-08-12 18:50:19,245 autoreload 35992 32432 Watching for file changes with StatReloader
INFO 2026-08-12 18:51:16,142 autoreload 35992 32432 C:\Project\ConversationAI\AIAssistance\apps\frontend\views.py changed, reloading.
INFO 2026-08-12 18:51:18,155 autoreload 31064 9220 Watching for file changes with StatReloader
INFO 2026-08-12 18:51:24,719 autoreload 31064 9220 C:\Project\ConversationAI\AIAssistance\apps\frontend\urls.py changed, reloading.
INFO 2026-08-12 18:51:26,775 autoreload 20000 21840 Watching for file changes with StatReloader
INFO 2026-08-12 19:08:44,738 log 20000 23428 "GET / HTTP/1.1" 200 3678
INFO 2026-08-12 19:08:46,130 log 20000 26160 "POST / HTTP/1.1" 302 0
INFO 2026-08-12 19:08:46,770 log 20000 34168 "GET /admin-panel/projects/ HTTP/1.1" 200 8328
INFO 2026-08-12 19:08:47,030 log 20000 26668 "GET /admin-panel/projects/ HTTP/1.1" 200 8328
INFO 2026-08-12 19:08:47,306 log 20000 29960 "GET /admin-panel/projects/ HTTP/1.1" 200 8328
INFO 2026-08-12 19:09:58,824 log 20000 30840 "GET / HTTP/1.1" 200 3678
INFO 2026-08-12 19:10:00,335 log 20000 24988 "POST / HTTP/1.1" 302 0
INFO 2026-08-12 19:10:00,856 log 20000 17816 "GET /admin-panel/projects/2/artifacts/ HTTP/1.1" 200 8751
INFO 2026-08-12 19:10:01,150 log 20000 33728 "POST /admin-panel/projects/2/artifacts/ HTTP/1.1" 302 0
INFO 2026-08-12 19:10:01,369 log 20000 21420 "GET /admin-panel/projects/2/artifacts/ HTTP/1.1" 200 9867
INFO 2026-08-12 19:14:37,587 log 20000 32824 "POST /admin/logout/ HTTP/1.1" 200 3475
INFO 2026-08-12 19:14:39,642 log 20000 32824 "GET /admin/ HTTP/1.1" 302 0
INFO 2026-08-12 19:14:39,731 log 20000 32824 "GET /admin/login/?next=/admin/ HTTP/1.1" 200 4080
INFO 2026-08-12 19:50:37,637 log 20000 8684 "POST /admin/login/?next=/admin/ HTTP/1.1" 302 0
INFO 2026-08-12 19:50:37,688 log 20000 8684 "GET /admin/ HTTP/1.1" 200 18881
INFO 2026-08-12 19:50:52,922 log 20000 8684 "GET /admin/projects/projectartifact/ HTTP/1.1" 200 17344
INFO 2026-08-12 19:50:52,981 log 20000 8684 "GET /admin/jsi18n/ HTTP/1.1" 200 3342
INFO 2026-08-12 19:51:05,794 log 20000 8684 "GET /admin/projects/projectartifact/?q= HTTP/1.1" 200 17403
INFO 2026-08-12 19:51:05,833 log 20000 8684 "GET /admin/jsi18n/ HTTP/1.1" 200 3342
INFO 2026-08-12 19:51:08,155 log 20000 8684 "GET /admin/projects/projectartifact/?_facets=True&q= HTTP/1.1" 200 17622
INFO 2026-08-12 19:51:08,197 log 20000 18088 "GET /admin/jsi18n/ HTTP/1.1" 200 3342
INFO 2026-08-12 19:51:16,402 log 20000 8684 "GET /admin/projects/project/ HTTP/1.1" 200 20108
INFO 2026-08-12 19:51:16,452 log 20000 18088 "GET /admin/jsi18n/ HTTP/1.1" 200 3342
INFO 2026-08-12 19:51:22,362 log 20000 8684 "GET /admin/projects/project/add/ HTTP/1.1" 200 20228
INFO 2026-08-12 19:51:22,417 log 20000 18088 "GET /admin/jsi18n/ HTTP/1.1" 200 3342
INFO 2026-08-12 19:51:46,122 log 20000 8684 "GET /admin/projects/userproject/ HTTP/1.1" 200 20391
INFO 2026-08-12 19:51:46,179 log 20000 18088 "GET /admin/jsi18n/ HTTP/1.1" 200 3342
INFO 2026-08-12 19:53:08,201 log 20000 31560 "GET /admin-panel/projects/ HTTP/1.1" 302 0
INFO 2026-08-12 19:53:08,211 log 20000 31560 "GET / HTTP/1.1" 200 3678
INFO 2026-08-12 19:53:08,547 log 20000 36308 "GET /static/js/api.js HTTP/1.1" 200 11550
INFO 2026-08-12 19:53:08,554 log 20000 31560 "GET /static/css/style.css HTTP/1.1" 200 11663
WARNING 2026-08-12 19:53:08,905 log 20000 31560 Not Found: /favicon.ico
WARNING 2026-08-12 19:53:08,906 log 20000 31560 "GET /favicon.ico HTTP/1.1" 404 9342
INFO 2026-08-12 19:54:06,590 log 20000 26216 "POST /admin/logout/ HTTP/1.1" 200 3475
INFO 2026-08-12 19:54:13,992 log 20000 26216 "GET /admin-panel/projects/ HTTP/1.1" 302 0
INFO 2026-08-12 19:54:14,006 log 20000 26216 "GET / HTTP/1.1" 200 3678
INFO 2026-08-12 19:54:14,191 log 20000 26216 "GET /static/css/style.css HTTP/1.1" 200 11663
INFO 2026-08-12 19:54:14,193 log 20000 32140 "GET /static/js/api.js HTTP/1.1" 200 11550
INFO 2026-08-12 19:54:44,030 log 20000 26216 "POST / HTTP/1.1" 302 0
INFO 2026-08-12 19:54:44,069 log 20000 26216 "GET /dashboard/ HTTP/1.1" 200 11177
INFO 2026-08-12 19:54:50,387 log 20000 26216 "GET /admin-panel/ HTTP/1.1" 200 9306
INFO 2026-08-12 19:55:07,632 log 20000 26216 "GET /admin-panel/projects/ HTTP/1.1" 200 8328
INFO 2026-08-12 19:55:26,965 log 20000 26216 "GET /admin-panel/projects/2/artifacts/ HTTP/1.1" 200 8751
INFO 2026-08-12 20:01:46,482 log 20000 33368 "POST /admin-panel/projects/2/artifacts/ HTTP/1.1" 200 8949
INFO 2026-08-12 20:02:59,831 log 20000 33368 "POST /admin-panel/projects/2/artifacts/ HTTP/1.1" 302 0
INFO 2026-08-12 20:02:59,850 log 20000 33368 "GET /admin-panel/projects/2/artifacts/ HTTP/1.1" 200 9871
INFO 2026-08-12 20:03:14,893 log 20000 33368 "GET /admin-panel/projects/2/artifacts/2/view/ HTTP/1.1" 200 7720
INFO 2026-08-12 20:03:44,105 log 20000 33368 "GET /admin-panel/ HTTP/1.1" 200 9306
INFO 2026-08-12 20:03:49,356 log 20000 33368 "GET /admin/ HTTP/1.1" 200 18881
INFO 2026-08-12 20:04:07,643 log 20000 33368 "GET /projects/ HTTP/1.1" 200 7877
INFO 2026-08-12 20:04:15,155 log 20000 33368 "GET /admin-panel/ HTTP/1.1" 200 9306
INFO 2026-08-12 20:04:18,052 log 20000 33368 "GET /admin-panel/users/ HTTP/1.1" 200 11570
INFO 2026-08-12 20:04:43,008 log 20000 33368 "GET /admin-panel/projects/ HTTP/1.1" 200 8328
INFO 2026-08-12 20:04:47,428 log 20000 33368 "GET /admin-panel/ HTTP/1.1" 200 9306
INFO 2026-08-12 20:12:51,578 log 20000 8700 "GET /dashboard/ HTTP/1.1" 200 11177
INFO 2026-08-12 20:13:23,667 log 20000 8700 "GET /admin-panel/projects/ HTTP/1.1" 200 8328
INFO 2026-08-18 12:30:53,388 autoreload 24704 27908 Watching for file changes with StatReloader
INFO 2026-08-18 12:30:58,943 log 24704 32596 "GET / HTTP/1.1" 200 3678
INFO 2026-08-18 12:31:31,490 log 24704 10500 "GET / HTTP/1.1" 200 3678
INFO 2026-08-18 12:31:31,737 log 24704 31932 "GET /static/js/api.js HTTP/1.1" 200 11550
INFO 2026-08-18 12:31:31,738 log 24704 10500 "GET /static/css/style.css HTTP/1.1" 200 11663
INFO 2026-08-18 12:31:32,439 log 24704 30672 "GET /static/js/api.js HTTP/1.1" 200 11550
WARNING 2026-08-18 12:31:32,833 log 24704 10500 Not Found: /favicon.ico
WARNING 2026-08-18 12:31:32,836 log 24704 10500 "GET /favicon.ico HTTP/1.1" 404 9342
INFO 2026-08-18 12:31:44,426 log 24704 10500 "GET /admin HTTP/1.1" 301 0
INFO 2026-08-18 12:31:44,446 log 24704 10500 "GET /admin/ HTTP/1.1" 302 0
INFO 2026-08-18 12:31:44,499 log 24704 10500 "GET /admin/login/?next=/admin/ HTTP/1.1" 200 4080
INFO 2026-08-18 12:31:44,529 log 24704 10500 "GET /static/admin/css/base.css HTTP/1.1" 200 23100
INFO 2026-08-18 12:31:44,542 log 24704 25604 "GET /static/admin/css/nav_sidebar.css HTTP/1.1" 200 2810
INFO 2026-08-18 12:31:44,543 log 24704 10500 "GET /static/admin/css/dark_mode.css HTTP/1.1" 200 3538
INFO 2026-08-18 12:31:44,543 log 24704 31932 "GET /static/admin/js/theme.js HTTP/1.1" 200 1653
INFO 2026-08-18 12:31:44,543 log 24704 15580 "GET /static/admin/css/login.css HTTP/1.1" 200 951
INFO 2026-08-18 12:31:44,544 log 24704 31536 "GET /static/admin/css/responsive.css HTTP/1.1" 200 16273
INFO 2026-08-18 12:31:44,552 log 24704 31536 "GET /static/admin/js/nav_sidebar.js HTTP/1.1" 200 3063
INFO 2026-08-18 12:31:45,356 log 24704 30672 "GET /static/admin/js/theme.js HTTP/1.1" 200 1653
INFO 2026-08-18 12:31:45,358 log 24704 25960 "GET /static/admin/js/nav_sidebar.js HTTP/1.1" 200 3063
INFO 2026-08-18 12:35:58,645 log 24704 31536 "POST / HTTP/1.1" 200 3806
INFO 2026-08-18 12:36:35,958 log 24704 252 "GET /admin/login/?next=/admin/ HTTP/1.1" 302 0
INFO 2026-08-18 12:36:36,060 log 24704 252 "GET /admin/ HTTP/1.1" 200 18881
INFO 2026-08-18 12:36:36,188 log 24704 252 "GET /static/admin/css/base.css HTTP/1.1" 304 0
INFO 2026-08-18 12:36:36,194 log 24704 18568 "GET /static/admin/js/theme.js HTTP/1.1" 304 0
INFO 2026-08-18 12:36:36,199 log 24704 29720 "GET /static/admin/css/dark_mode.css HTTP/1.1" 304 0
INFO 2026-08-18 12:36:36,199 log 24704 16532 "GET /static/admin/css/nav_sidebar.css HTTP/1.1" 304 0
INFO 2026-08-18 12:36:36,203 log 24704 31828 "GET /static/admin/css/responsive.css HTTP/1.1" 304 0
INFO 2026-08-18 12:36:36,207 log 24704 18568 "GET /static/admin/js/nav_sidebar.js HTTP/1.1" 304 0
INFO 2026-08-18 12:36:36,208 log 24704 32324 "GET /static/admin/css/dashboard.css HTTP/1.1" 304 0
INFO 2026-08-18 12:36:36,249 log 24704 16532 "GET /static/admin/img/icon-changelink.svg HTTP/1.1" 200 978
INFO 2026-08-18 12:36:36,252 log 24704 29720 "GET /static/admin/img/icon-addlink.svg HTTP/1.1" 200 593
INFO 2026-08-18 12:37:11,210 log 24704 23980 "GET /admin/ HTTP/1.1" 302 0
INFO 2026-08-18 12:37:20,301 log 24704 31536 "POST / HTTP/1.1" 200 3806
INFO 2026-08-18 12:37:57,518 log 24704 31536 "POST / HTTP/1.1" 200 3806
INFO 2026-08-18 12:38:19,100 log 24704 31536 "POST / HTTP/1.1" 302 0
INFO 2026-08-18 12:38:19,136 log 24704 31536 "GET /dashboard/ HTTP/1.1" 200 11177
INFO 2026-08-18 12:38:35,173 log 24704 31536 "GET /logout/ HTTP/1.1" 302 0
INFO 2026-08-18 12:38:35,179 log 24704 31536 "GET / HTTP/1.1" 200 3678
INFO 2026-08-18 12:39:05,427 log 24704 31536 "POST / HTTP/1.1" 302 0
INFO 2026-08-18 12:39:05,448 log 24704 31536 "GET /dashboard/ HTTP/1.1" 200 11177
INFO 2026-08-18 12:39:18,734 log 24704 31536 "GET /projects/ HTTP/1.1" 200 7877
INFO 2026-08-18 12:39:33,722 log 24704 31536 "GET /chat/ HTTP/1.1" 200 15696
INFO 2026-08-18 12:40:00,252 log 24704 31536 "POST /chat/new/ HTTP/1.1" 302 0
INFO 2026-08-18 12:40:00,283 log 24704 31536 "GET /chat/7/ HTTP/1.1" 200 21839
INFO 2026-08-18 12:40:26,305 log 24704 27612 "GET /admin/projects/project/ HTTP/1.1" 200 20108
INFO 2026-08-18 12:40:26,386 log 24704 27612 "GET /static/admin/css/changelists.css HTTP/1.1" 304 0
INFO 2026-08-18 12:40:26,397 log 24704 27612 "GET /static/admin/js/jquery.init.js HTTP/1.1" 304 0
INFO 2026-08-18 12:40:26,398 log 24704 14720 "GET /static/admin/js/vendor/jquery/jquery.js HTTP/1.1" 304 0
INFO 2026-08-18 12:40:26,407 log 24704 32912 "GET /static/admin/js/core.js HTTP/1.1" 304 0
INFO 2026-08-18 12:40:26,408 log 24704 29108 "GET /static/admin/js/admin/RelatedObjectLookups.js HTTP/1.1" 304 0
INFO 2026-08-18 12:40:26,411 log 24704 31836 "GET /static/admin/js/actions.js HTTP/1.1" 304 0
INFO 2026-08-18 12:40:26,414 log 24704 14720 "GET /static/admin/js/urlify.js HTTP/1.1" 304 0
INFO 2026-08-18 12:40:26,416 log 24704 27612 "GET /static/admin/js/prepopulate.js HTTP/1.1" 304 0
INFO 2026-08-18 12:40:26,422 log 24704 32912 "GET /static/admin/js/vendor/xregexp/xregexp.js HTTP/1.1" 304 0
INFO 2026-08-18 12:40:26,422 log 24704 29108 "GET /static/admin/js/filters.js HTTP/1.1" 304 0
INFO 2026-08-18 12:40:26,423 log 24704 15408 "GET /admin/jsi18n/ HTTP/1.1" 200 3342
INFO 2026-08-18 12:40:26,429 log 24704 31836 "GET /static/admin/img/icon-yes.svg HTTP/1.1" 200 558
INFO 2026-08-18 12:40:26,430 log 24704 14720 "GET /static/admin/img/search.svg HTTP/1.1" 200 607
INFO 2026-08-18 12:40:26,497 log 24704 15408 "GET /static/admin/img/tooltag-add.svg HTTP/1.1" 200 593
INFO 2026-08-18 12:40:26,497 log 24704 31836 "GET /static/admin/img/sorting-icons.svg HTTP/1.1" 200 1761
INFO 2026-08-18 12:40:26,498 log 24704 14720 "GET /static/admin/img/icon-viewlink.svg HTTP/1.1" 200 928
INFO 2026-08-18 12:40:37,704 log 24704 27612 "GET /admin/projects/userproject/ HTTP/1.1" 200 20391
INFO 2026-08-18 12:40:37,741 log 24704 15408 "GET /admin/jsi18n/ HTTP/1.1" 200 3342
INFO 2026-08-18 12:41:00,209 log 24704 27612 "GET /admin/projects/projectartifact/ HTTP/1.1" 200 20029
INFO 2026-08-18 12:41:00,247 log 24704 15408 "GET /admin/jsi18n/ HTTP/1.1" 200 3342
INFO 2026-08-18 12:43:39,522 llm_service 24704 29748 Generated response for conversation 7 (1354 chars)
INFO 2026-08-18 12:43:39,544 views 24704 29748 Generated response for conversation 7
INFO 2026-08-18 12:43:39,552 log 24704 29748 "POST /api/conversations/conversations/7/generate_response HTTP/1.1" 200 1721
INFO 2026-08-18 12:45:11,002 log 24704 288 "GET /admin/projects/project/ HTTP/1.1" 200 20108
INFO 2026-08-18 12:45:11,070 log 24704 288 "GET /admin/jsi18n/ HTTP/1.1" 200 3342
INFO 2026-08-18 12:45:19,932 log 24704 288 "GET /admin/projects/userproject/ HTTP/1.1" 200 20391
INFO 2026-08-18 12:45:19,984 log 24704 288 "GET /admin/jsi18n/ HTTP/1.1" 200 3342
INFO 2026-08-18 12:47:56,275 log 24704 25960 "GET /moderator/ HTTP/1.1" 200 8424
INFO 2026-08-18 12:48:10,329 log 24704 25960 "GET /chat/ HTTP/1.1" 200 15949
INFO 2026-08-18 12:48:12,141 log 24704 25960 "GET /chat/7/ HTTP/1.1" 200 23816
INFO 2026-08-18 12:57:33,199 log 24704 27772 "GET /my-responses/ HTTP/1.1" 200 7475
INFO 2026-08-18 12:57:35,883 log 24704 27772 "GET /moderator/ HTTP/1.1" 200 8424
INFO 2026-08-18 12:57:41,885 log 24704 27772 "GET /admin-panel/users/ HTTP/1.1" 200 11570
INFO 2026-08-18 12:57:49,020 log 24704 27772 "GET /admin-panel/projects/ HTTP/1.1" 200 8328
INFO 2026-08-18 12:57:55,462 log 24704 27772 "GET /moderator/queue/ HTTP/1.1" 200 7614
INFO 2026-08-18 12:57:57,712 log 24704 27772 "GET /moderator/history/ HTTP/1.1" 200 7520
INFO 2026-08-18 12:58:00,417 log 24704 27772 "GET /projects/ HTTP/1.1" 200 7877
INFO 2026-08-18 12:58:03,381 log 24704 27772 "GET /dashboard/ HTTP/1.1" 200 11805
INFO 2026-08-18 12:58:09,405 log 24704 27772 "GET /chat/7/ HTTP/1.1" 200 23816
INFO 2026-08-18 13:00:21,090 llm_service 24704 27772 Generated response for conversation 7 (1080 chars)
INFO 2026-08-18 13:00:21,953 views 24704 27772 Generated response for conversation 7
INFO 2026-08-18 13:00:21,960 log 24704 27772 "POST /api/conversations/conversations/7/generate_response HTTP/1.1" 200 1425
INFO 2026-08-18 13:42:36,183 log 24704 24284 "GET /logout/ HTTP/1.1" 302 0
INFO 2026-08-18 13:42:36,188 log 24704 24284 "GET / HTTP/1.1" 200 3678
INFO 2026-08-18 13:45:37,021 log 24704 24284 "GET / HTTP/1.1" 200 3656
INFO 2026-08-18 13:47:00,550 log 24704 24284 "POST / HTTP/1.1" 302 0
INFO 2026-08-18 13:47:00,569 log 24704 24284 "GET /dashboard/ HTTP/1.1" 200 10983
INFO 2026-08-18 13:47:07,215 log 24704 24284 "GET /chat/6/ HTTP/1.1" 200 22012
INFO 2026-08-20 23:50:44,798 autoreload 22548 3172 Watching for file changes with StatReloader
INFO 2026-08-20 23:56:08,006 autoreload 8380 508 Watching for file changes with StatReloader
INFO 2026-08-20 23:58:22,553 autoreload 5580 27200 Watching for file changes with StatReloader
INFO 2026-08-21 00:00:24,478 autoreload 24812 26080 Watching for file changes with StatReloader
